review_id,product_title,customer_id,review_body,star_rating,review_date
7e514167-4831-4706-ba70-b768614cf4cb,Laptop Stand,25387,Space health authority foot respond news try education whatever yes particularly war.,5,2025-03-01
8b29c48d-f66a-4ec5-beb1-69de8c21347e,Laptop Stand,11094,Environment them hear person chance coach themselves help class structure major five.,4,2025-04-17
729b5206-508f-40c6-8ea6-ff38eab87b98,Smart Watch,29279,Throw we something itself safe serve.,5,2025-01-28
b8d4ed2c-835b-41de-93e2-1ff86af8f394,Laptop Stand,97387,Interesting those cost offer cut eye she hand.,5,2025-02-22
6981597c-9002-46d7-b033-255d9c9b31cc,Fitness Tracker,63879,Under hit suffer standard last other skin baby property structure find.,4,2025-02-09
560f7bb9-80f7-4a78-8090-952c10fed21f,Fitness Tracker,92883,Yes investment experience realize every compare hold sister.,4,2024-07-16
ae9fc747-b0aa-47bc-b0fb-0f680db5dd88,Fitness Tracker,29221,Type bed oil yard economic central idea.,3,2024-10-26
77ee088a-b66b-481c-970f-c5ce320a5585,Wireless Earbuds,20122,Economic with agree well what mean ahead table seven hot attorney write politics.,1,2025-01-29
dd50adb0-7453-4e5a-a584-15a3ac5142e7,Bluetooth Speaker,29703,Song everything some particular we character wear take represent onto.,1,2025-04-05
4affa4b6-938e-4913-890a-f1474f0c80a4,Bluetooth Speaker,47002,Say figure hospital middle may especially study give nothing.,5,2024-12-27
ef741d05-ece9-4a73-8680-882cbda8b069,Smart Watch,95454,Start bag different evidence study nothing close recent into easy explain.,5,2024-07-23
b9a5c074-ecf1-4d2c-9001-f6f7bb3b3e7d,Smart Watch,82610,Which nearly around perform car outside beyond nature fall unit sign.,1,2024-12-07
a708b4df-0a5f-4080-9c65-ff99da1efc49,Fitness Tracker,59704,Staff to poor late particularly cultural wonder between perhaps week.,2,2024-11-21
077b99a2-13c5-461d-bed7-e0724ff019cb,Fitness Tracker,70252,Food election data hard school like civil.,2,2024-08-15
649ee3d0-d690-46d7-9671-1f4d15d6b39c,Laptop Stand,65727,Executive number fast school ability responsibility.,4,2024-10-05
2c8eec06-2f2c-4403-bf4d-76f478fc88c0,Bluetooth Speaker,89841,Race chair statement call its understand care fight.,5,2024-06-19
6254fbb3-9f2b-4ffa-8a67-ed0b286dc127,Bluetooth Speaker,31643,Husband natural whose president those others.,4,2024-10-01
c15d930e-fa77-4423-b99c-608cce82509e,Bluetooth Speaker,88567,Opportunity capital environment future soon decade nature investment.,3,2024-05-15
320f92f1-f45b-408f-aa2a-1c799464c67b,Smart Watch,60391,Because compare law bank city any how knowledge challenge participant sister apply expert.,4,2024-09-09
ca05031b-d9d4-4a72-a75f-71e89fd56143,Wireless Earbuds,97887,Budget indicate open firm investment tend west it suffer firm skin.,3,2024-08-09
7e7b8d54-9930-426b-b400-d514bd3419e9,Bluetooth Speaker,29517,Suggest check consumer drug center news visit yes.,3,2024-10-28
fbf269c6-2f0b-4711-805f-edc70d9d1820,Smart Watch,16579,Popular early current see wall hour cover wide rule charge back.,5,2024-09-30
3fc360ae-56ea-41c5-a88b-df2cd5a9b4cc,Laptop Stand,24457,Middle follow first peace perform throw major role suffer.,4,2024-10-11
6c02aa03-cdae-4761-b4a8-4bff12510121,Smart Watch,23212,Goal also social walk our large hospital state loss despite consider.,4,2025-03-29
77845812-6d29-42c3-9b5e-c0385386a2a6,Smart Watch,71499,Office at develop trial federal dark seem wrong someone recent positive maintain effort.,3,2024-12-19
3c1fa9e7-f506-4eea-8bb8-1a5e78a796b5,Smart Watch,93179,Result speak seat condition enter world myself the cold yeah discuss.,4,2024-11-01
8c0b7053-997f-40b0-9364-85782e089795,Bluetooth Speaker,66723,Positive mission hospital cut black establish policy rise style remain.,3,2024-11-15
6c15de8a-cc87-4dfc-9bb5-2fee516cad08,Fitness Tracker,11564,Begin want energy especially new feeling.,4,2025-01-14
088f4770-529c-4542-8d54-24237ea018ba,Smart Watch,55812,Attack ground assume reach glass down team another health study culture one west.,3,2025-02-20
368fd767-0530-4d53-9900-8feba92bd368,Fitness Tracker,90458,Year help wrong director six hear manage like front policy major air attorney.,4,2024-05-18
7682d7ca-7ff3-466d-ab07-73acd05bad39,Smart Watch,31172,Too control dog protect guy piece difference than past common.,5,2024-12-25
64a9ce78-ce8e-491b-97ba-fe316d24926f,Wireless Earbuds,64743,Today too from very federal short.,3,2025-03-13
3084c020-4394-4959-9981-026799f37076,Fitness Tracker,27598,News feeling special us national only method open detail natural.,5,2025-02-16
8bb813b0-d78c-4a05-bf8b-40cd81dbc2e1,Laptop Stand,21141,Budget house result win occur opportunity section join whole true situation.,1,2024-07-07
51bf7c18-4d35-4ba1-9fb5-3d09c47d75e5,Bluetooth Speaker,55526,Tree me town physical who course possible friend can.,4,2025-02-02
a925976f-81a2-4988-9f0f-b9485b105704,Wireless Earbuds,70625,Phone well Congress either too detail group.,1,2025-03-06
345e06ce-6413-474c-b782-4259573fe311,Smart Watch,29505,Instead specific top federal himself travel adult road property score.,4,2024-05-11
64f94a87-98e3-49ba-b8a6-1544b1a97cf2,Fitness Tracker,32948,Again reach data send material middle strategy face difference success student.,5,2025-04-13
7c3ba1fc-fdf1-4ca6-ae0b-518eb811de93,Laptop Stand,98081,Enough military six blood base officer win.,3,2024-12-30
e70ab35b-bf26-4a8c-9de1-daf234db22c8,Fitness Tracker,26187,Too personal but at south ready live.,2,2024-12-03
64ef77ee-3e10-4ab9-9215-22e03aceae27,Bluetooth Speaker,20427,Room let billion wish politics century everything two movement baby.,2,2024-05-29
a00cde9b-b2a0-48de-9088-1d77ffd5617e,Smart Watch,61898,Order he office dream month factor clearly could food left.,1,2024-07-07
6d55f0e3-183c-4182-b134-de33c413589d,Bluetooth Speaker,46024,Build skin including writer data part former friend.,2,2024-05-23
c9e38b06-fdcc-45b4-84e2-5985d13c8a04,Fitness Tracker,86654,Care why international catch even glass technology such quite black spend.,5,2024-08-01
2dbbeb36-2765-40a2-b1de-03c8e8acf258,Fitness Tracker,45229,Argue crime degree practice since difference.,5,2024-10-30
a20366a5-d804-4e81-8a82-06693f97e95f,Wireless Earbuds,46590,Matter floor rate degree leave decision so maintain decade occur party season certainly.,2,2024-11-05
2dd18f85-6ddb-470d-8b6b-1ca6d549e07b,Smart Watch,98106,Suffer property coach send though although news try only least.,5,2024-10-23
926059e1-9495-4104-ab8c-8d3a5d6243d6,Fitness Tracker,71469,Body worry water view throughout political maintain talk act.,5,2024-05-02
f3c5a08e-bdbd-4c4d-ac94-4bb21c7905b0,Wireless Earbuds,83433,Fall story meeting pull Democrat oil dog kid.,5,2025-03-12
e6ee56d0-937b-48e1-acb0-dfc893e85d57,Wireless Earbuds,56860,Last contain try hard memory account.,2,2025-01-02
0f911e93-e1b8-4f1f-88ea-b2b980ae18d2,Smart Watch,49294,Star hit ahead baby that address practice.,1,2024-08-04
75513856-3120-47d0-8c72-3cde77ea0dfa,Wireless Earbuds,77817,Sell theory successful leave class turn none she.,4,2025-03-15
9c2ad2b6-62ed-4648-9f64-e7c60b595654,Laptop Stand,15119,Beat those effect explain might suddenly woman as.,3,2024-07-20
60633712-cdb0-4221-acb5-7a82e5abc540,Wireless Earbuds,66185,Church cell tree appear factor owner close food audience.,3,2024-10-01
e9ea77c0-ec3c-46b6-8862-b809af3e6e0f,Fitness Tracker,46486,Citizen reality pressure social capital adult.,3,2024-06-21
05c2c831-bbbf-4414-af98-22747c08e730,Wireless Earbuds,59029,Stuff nice why nice attention interview condition sense against hospital night bag why everything.,4,2024-12-01
a186d98d-5836-44fc-b588-a2b0e8dd9b93,Smart Watch,40813,Woman usually consider campaign will science month money.,4,2025-01-21
5ccd01af-0fc5-481c-9fc5-9eefa34d80c7,Wireless Earbuds,92317,Building newspaper game ten loss recognize before building federal loss first.,2,2025-03-27
aa390727-f28d-4e6b-be92-d560ccf6293b,Bluetooth Speaker,31702,Save ahead management arm laugh receive help take.,3,2025-01-29
ba5e628b-8232-4e0f-90a1-93a1e7f0e81d,Bluetooth Speaker,25788,Trouble this throw commercial real somebody stock a candidate senior air.,2,2025-04-14
c4cb2221-e29c-47e6-9350-d7884685ecf3,Wireless Earbuds,48394,Behavior answer analysis because look lead military young state not relationship because middle.,4,2024-12-13
11d0b871-89bd-45be-a150-ea2f9e949d20,Bluetooth Speaker,86525,Degree leave card help traditional require guy.,2,2025-02-15
310d1f1d-7b0c-405b-8228-727f5e422cb2,Laptop Stand,87618,Quite specific pretty number crime kid resource whole foreign enough model staff far protect.,4,2025-04-11
69b7233d-4e24-4e22-96fe-f6576d5f1595,Fitness Tracker,54161,Pick policy believe news start true commercial analysis term single central significant.,5,2025-02-14
17b876b3-7321-41ad-b0a1-d0c2c969751d,Laptop Stand,27495,Simple also down where including pay discuss century wonder.,3,2024-06-28
161ea60a-df0f-4875-8289-a1c711267a3d,Bluetooth Speaker,27490,Whole line check garden entire hope suddenly fill great perhaps part.,4,2025-04-12
79677ed3-a5b1-4525-8808-44a5173d52ef,Smart Watch,34481,Crime study edge strong glass include upon general individual take actually box skin.,5,2024-05-23
bb83d1cd-94de-4779-a91d-53da5ee99019,Wireless Earbuds,31869,Create apply crime senior soon her thought food film represent.,2,2024-10-01
47745845-c067-4e44-9b00-3863720b4de0,Fitness Tracker,51893,Three market card attention bar later.,1,2024-06-11
2de837d9-f830-4712-afe8-8b7775e35dad,Smart Watch,42121,Soon modern anyone party partner finally build national.,1,2024-07-27
dd33153c-a6f1-4ad1-91b7-ac3c8c08586f,Wireless Earbuds,78673,Ahead want amount war officer trouble window.,4,2024-10-28
20d59cd3-2a0f-4cf8-ab25-82ab42f85e38,Laptop Stand,78381,Force much practice activity whose history lawyer body me opportunity.,2,2025-02-28
00a3bfde-0acc-44f3-9c2b-9275f4ddd211,Smart Watch,59162,Movie occur particular by owner charge.,3,2025-03-25
66fcbf47-0eb7-423a-805e-ccdf1a9bf87e,Fitness Tracker,17027,Run apply edge and read show.,1,2024-07-26
4d579a81-8d4a-4591-b285-3b76f7822962,Laptop Stand,36663,Sometimes quite continue black nation billion stock customer method sense happen.,4,2024-10-14
d24b502c-1a52-4efe-912d-6b21dce3699c,Fitness Tracker,43064,Big sign still sister material difference various recent arrive artist.,2,2024-05-30
eb1660f7-ee32-4329-a7bd-89686bf5764f,Bluetooth Speaker,10407,Page safe well result whatever this what speak drop.,3,2024-06-06
18fefc0e-bc86-41c0-ac50-0c54d9f23393,Wireless Earbuds,71661,Plant draw certain measure from few.,1,2024-07-07
6d21de34-46e5-4c54-b066-c9b3680057ce,Fitness Tracker,61946,Trial price friend film relate opportunity far.,2,2024-07-31
4925eaa8-3330-475b-ae8e-760b35c226aa,Bluetooth Speaker,83375,Worry baby always former wear sport.,2,2025-02-12
0d5b0cb0-a0c2-41b9-b8df-0a19a0ead8da,Fitness Tracker,38708,Nation out whom senior political talk future direction recent authority after spend.,2,2025-03-05
b9e7622c-7b4e-4651-b1fa-28ee0b2d1e5b,Bluetooth Speaker,27374,Decide growth past sometimes affect issue.,5,2025-01-25
8f1c8eb9-fb4a-4fbc-a201-88e01e087fe1,Laptop Stand,53342,Job wear day simply wide these successful window suggest.,3,2025-03-13
c5bc49bb-bcf7-4010-860e-d7052868efc1,Bluetooth Speaker,46229,Cut central life east success second not.,1,2024-11-21
655215a2-ce99-4c5f-936e-86f0b661566d,Bluetooth Speaker,46874,Seek wonder they guess production it trip.,1,2024-11-23
3f67813b-a829-420e-ad29-e043f046e89f,Smart Watch,29618,Sing analysis we agent part near.,1,2024-05-14
3c3c4231-df1b-480f-be39-5d9aa99b73b6,Bluetooth Speaker,47805,Career economy step each evidence yes.,2,2025-01-28
f09542b9-24fd-46f8-af1f-7da555c8a418,Smart Watch,82288,Section source data memory try project win second.,2,2024-09-19
ed660626-ff0b-4162-8a83-41e4724f510b,Laptop Stand,33419,Until take save especially choice TV research issue as.,1,2025-02-18
49c4931b-6545-48bc-9946-cd805a696770,Laptop Stand,89209,Down successful top trial court vote to seat ground.,5,2024-10-20
bd0d970c-7330-40f5-8b45-5385f7839818,Bluetooth Speaker,71921,Much field child debate war it million fire term more.,5,2024-10-29
8b9086cc-6564-4335-bc30-85ce14eb42d6,Laptop Stand,90251,Matter region debate personal at defense mouth beat firm board.,3,2025-04-09
4339f3bd-dc67-4646-9567-04fe094e4ac0,Fitness Tracker,77714,Happy meeting down maintain agency thank.,2,2024-08-18
80ff4bbc-65eb-41c6-9fe8-814aa0720402,Wireless Earbuds,58174,Whatever catch the push music church total energy.,2,2024-10-30
14821df9-900c-4487-be25-89cc19b01ef0,Laptop Stand,50932,Drive feeling similar above star suggest man practice new build his.,1,2024-11-04
aa7c31eb-3205-4729-a68d-b9e4f099dab5,Smart Watch,45364,Do region decide Democrat compare way message receive against fund number prevent media.,3,2024-12-29
544da49c-a4d3-4f24-8cbc-692e2be432aa,Fitness Tracker,78834,Seem agency research exactly speak prove under letter prevent.,4,2024-06-08
e5f353cf-4641-4ea5-afdd-b852c6ef364c,Fitness Tracker,69885,Time teach various born past church continue me risk stop near people.,2,2024-09-03
039ad9bf-32ff-43dd-9acb-48672d4ca20a,Bluetooth Speaker,95741,About detail building song beat stay public despite half.,3,2025-02-05
dc4974b7-3f39-4c8f-a0bc-ae96abfcb36e,Laptop Stand,18385,Citizen really politics also perhaps building theory make officer politics impact type eight.,2,2024-10-06
cc7c9064-2f3c-4153-b593-fda905755834,Smart Watch,81229,When Democrat happy class act enjoy.,3,2024-07-30
bd99e919-314f-49c6-a3b6-3366d7167962,Wireless Earbuds,83791,Decade follow way explain thousand dog rock back practice.,4,2024-10-13
ec478811-46c6-4e69-a776-51f9332277b8,Laptop Stand,90278,Start lawyer system again town cold bad rich picture community type know.,5,2024-08-20
c4dc8133-5e83-460b-bd74-f59ee1206b60,Bluetooth Speaker,63043,Four ahead tax because throw research bit state sell center cause.,1,2024-11-29
c4befd8b-b608-4fd2-a190-ef162af08993,Smart Watch,70898,Listen full wish sign because body training increase debate into list black product.,3,2024-12-21
7bf3aff1-748c-4ad0-a6cb-81af78bca5f2,Laptop Stand,39222,Cut itself hard PM well role grow.,2,2024-06-08
2498a0f1-9252-4dce-8eb3-7545ea6cf790,Smart Watch,64242,Father ready board event hospital light government down crime history tough final.,3,2024-08-04
6a633675-41da-4014-afa3-43a3815bbefd,Fitness Tracker,44849,Author service order throughout energy individual on decide middle produce old reason board.,4,2025-02-09
d6ce9e70-3e1e-4cbb-9c34-cfd4e382e942,Smart Watch,48055,Morning stand majority yourself news music rather option issue any though.,1,2024-11-30
458dd444-c2d3-4e7a-a15b-27a67b8c388e,Bluetooth Speaker,55351,Easy rise buy stock room theory town.,3,2024-06-06
b6d08c22-424a-45df-983a-9bfea946a236,Smart Watch,48592,See until hand across occur stand adult wear.,1,2025-02-09
68394527-f4f5-4551-8b09-98e3a79f9d5a,Laptop Stand,64103,Write relate hear simply sit off final religious.,4,2025-02-23
13cd7b1b-8612-475f-b65d-ddc5727ce52e,Laptop Stand,22353,Summer morning natural likely possible animal these charge.,1,2024-07-10
ae10873f-b843-41b8-991b-701721a7aaea,Laptop Stand,33145,Between ball into cause character offer season.,1,2025-01-12
5bc82bfa-2bd8-45a7-8f7b-b29ba4c9bfca,Smart Watch,40395,Yes clear daughter community major second these explain force.,5,2024-07-19
c9a437d5-5a47-40fa-9e79-d25c6d2d4ee8,Bluetooth Speaker,25419,Experience certainly space control still benefit local concern something test carry area look.,2,2024-07-24
3e895a40-447a-4467-8910-e1c7b579315f,Fitness Tracker,80923,Consumer church often their shake cup fly plan television like.,1,2025-01-05
e0ed6cbd-f623-4b1d-aee2-74904f146e69,Fitness Tracker,64914,Goal explain responsibility big true number operation treat particularly side make paper citizen.,1,2024-06-12
479e8ba6-2ba1-47e2-8040-6a292d822707,Fitness Tracker,50990,Produce until success court travel near story your firm less.,4,2025-01-11
afe58e7c-6659-403f-8e8b-7936721d6c69,Smart Watch,80070,Floor increase so main you may explain wide green teach already partner owner.,4,2024-09-14
9e916f2d-b90f-4b43-9027-0c7d07374cc2,Smart Watch,38127,Attack act college indeed low social event choose talk test order.,2,2025-01-31
5768b6b7-9cb9-4009-b53f-522176a330aa,Smart Watch,21786,Be sense purpose film tough article pick agency.,5,2024-10-25
488158d1-4c5b-48ee-9b0b-e316bf48386e,Smart Watch,72420,Nice well economy state water debate southern.,4,2025-03-03
3a840508-696d-4cf7-8623-2335f7498d3b,Bluetooth Speaker,80615,Either step audience later senior special little pattern stuff become phone save.,4,2025-04-13
f301cbb1-75da-461a-b47c-a153c7fa2c71,Bluetooth Speaker,40847,Property center behavior soon pay raise standard something traditional perform authority.,3,2025-02-06
f9765228-c602-4bf7-9d8c-8c90b0d7fe7a,Bluetooth Speaker,40151,See security someone task range soldier nice writer.,4,2025-01-30
0b80f7d6-528a-4886-a72e-052783eb4ed0,Wireless Earbuds,26761,Agree approach may back less season part recent fire often draw owner.,1,2024-07-17
f00d9770-fa2c-4763-b17a-638c3b906df3,Fitness Tracker,56080,One minute yourself huge fight nation trip view hard able.,1,2025-02-26
eb2bdce7-7087-46e0-8aff-af983200a288,Fitness Tracker,31016,Mr medical behind old someone husband.,2,2024-12-20
5138ad32-3514-4656-959c-f7b7893dcd4a,Bluetooth Speaker,36446,Cold mention social investment peace point especially plan man situation.,1,2025-03-27
23755a22-d9e6-4a42-a414-e8b2317d1451,Smart Watch,55162,Indeed look find effort look speak others like our camera.,5,2024-06-08
48287fb1-a7b1-47da-a30c-37dc3b0868a3,Smart Watch,88179,Guy movie toward claim manager after bag maintain again.,2,2024-06-18
0abaeb24-568c-4388-879e-210667fd0d86,Wireless Earbuds,66943,Imagine other head owner level politics.,5,2024-06-21
1e9adb71-9853-48e2-b993-c05d98bf9b54,Smart Watch,73733,Discover when six next former oil.,5,2025-04-27
65914561-df48-4aa6-b458-dd8341cc0d12,Wireless Earbuds,34458,Lose environment new always fly dinner situation citizen.,3,2024-06-03
1856f360-665f-468e-bba9-7c9ee4fbc6e7,Bluetooth Speaker,21467,Produce already him least loss wife note statement.,1,2024-11-21
cd5951db-8c3a-4736-bacf-4d893342eb46,Laptop Stand,40965,Its thousand respond wonder meet special provide girl woman might never explain compare.,2,2024-06-27
5805a30e-b466-4edd-9d57-fe63a70f169c,Smart Watch,53818,Those pressure still cause section trade nature important.,5,2024-11-16
13500e9a-8f94-4364-a6c4-5fa6e3183ac1,Bluetooth Speaker,46269,City down poor weight rather marriage possible.,4,2024-11-28
97bb4ec8-1aa6-40ae-b62a-8697b4a07a12,Smart Watch,67354,Mother call seem of financial other point leave attack policy school listen.,3,2025-02-20
011be2c4-ffcf-483d-af27-3f59f6c974bb,Wireless Earbuds,25580,Identify staff even begin television have media.,5,2024-12-26
838c2506-9d3e-4e95-ac01-07d390ad64cd,Bluetooth Speaker,49484,Suddenly conference away enter inside leave measure central worker idea maintain none as.,1,2025-02-12
36f74a9c-994f-4f1e-a8c9-3262722c91bf,Wireless Earbuds,91150,Include leg window ten within know others according.,5,2024-11-14
d5e2c443-64cf-4aaa-ba8a-bfa6782948fc,Fitness Tracker,63667,Later guy positive voice lay officer happen effect black model peace he society.,1,2024-09-22
040b1619-ac34-4149-a654-eb61cc55f1f7,Smart Watch,12383,Send him child reason his answer statement far wish.,2,2025-01-19
94dd4d2e-0bde-4355-a1b8-e72ddf23704f,Fitness Tracker,65781,Team sing soldier actually alone group season court friend eat another.,5,2024-08-29
ac0dfb27-d1b5-4f67-ad90-32b8ef161700,Wireless Earbuds,93305,I education factor sell sell war involve share owner.,3,2024-11-10
4a050926-1ea8-4ee5-9d64-148404c5033e,Fitness Tracker,18362,Lot cultural Congress send region now machine defense suddenly program white edge if.,5,2024-05-17
e6010444-8ee5-4705-b182-7fd355881152,Fitness Tracker,26649,Minute camera Mr which participant get above mention do.,2,2025-02-23
ed33a62e-406b-485e-9398-84d0f86cfd41,Fitness Tracker,40741,Account year decision simply sport development any usually Mr four always trouble.,5,2025-04-12
50411cf1-452b-4407-8543-53665c0b894b,Fitness Tracker,24368,Its car decide success girl movie firm.,2,2024-08-24
50331642-53ce-4614-9fda-5646c9ed7f32,Smart Watch,28537,Medical and memory Mr them floor visit.,1,2024-07-12
bb3cef99-92cb-4745-b489-b59108c6531b,Smart Watch,83124,Anything discover kid must join thing next.,2,2024-05-21
427f432c-5890-4278-8166-d41dd6146a0d,Smart Watch,54182,Study degree energy skill back left reduce positive here any employee line generation.,2,2025-03-06
0ee0a78e-9abf-48da-9a0b-50428242b707,Fitness Tracker,47280,Finish wide size involve coach finally.,4,2025-02-24
f8cb20a6-6c20-4d39-9be2-4e0c2017b055,Fitness Tracker,82038,News recognize decide responsibility example them like individual reality green building tough society.,3,2025-04-11
6d20941a-f81f-4e1b-be49-eed68a0c6889,Bluetooth Speaker,55410,Road doctor interview relate never true.,1,2024-10-02
901705b9-e11e-4c96-bfcc-b900dc974051,Laptop Stand,25574,Go pretty another yes city its language.,4,2024-11-28
ee2c7cee-0176-4972-9699-030174e481f3,Wireless Earbuds,77794,Wind economy better between only same seat determine fast beyond.,2,2025-01-12
4e0a2616-d209-424e-865c-2b82bb0d1367,Laptop Stand,88787,Know type start particular century how concern away.,3,2025-02-21
dba8039c-0309-4448-8247-9d91e8f33817,Wireless Earbuds,22883,Science red we give deal under city defense anything possible history.,3,2025-03-01
88eaba9c-8ef0-41cc-967f-cee420f8cdc8,Smart Watch,76610,Admit whose billion then international spring site start.,5,2024-10-27
06a281e0-ac3e-4472-813e-37f7d6e4b4c6,Wireless Earbuds,88926,Pull after live above bad table phone event.,5,2024-09-16
e20d4e11-a2fb-4791-ad9e-497e47027b26,Wireless Earbuds,60520,Summer almost rise skill forget story lose certainly.,2,2025-04-01
11ea30e2-374f-4005-ba8d-c3af231b5e6c,Wireless Earbuds,32556,Situation peace both star base floor glass.,3,2025-02-09
842a2826-6b09-4a45-9177-fd9974873073,Smart Watch,87994,Mrs customer tax piece education senior difficult career leader know put.,1,2025-03-28
a43725f3-7403-4f4b-93a7-bac392081eb4,Fitness Tracker,75931,Less husband agreement fact scene hour term guess line rather rest.,1,2025-01-05
455bf10c-b12d-4f93-8691-3ea81e6f5ed0,Bluetooth Speaker,66917,Baby authority serve several win military.,1,2024-05-24
fe443bb2-dd82-4387-a807-c6a669aea943,Fitness Tracker,90469,We teacher speech alone subject summer soon thing small.,2,2024-08-20
d55b01a8-ccd7-4de3-8de1-4dd591e56208,Bluetooth Speaker,91055,Charge world personal girl science player while.,2,2024-10-23
2e6d1e95-621f-41ce-9fd8-c86e130ddbba,Bluetooth Speaker,71833,Agree often significant today picture case thus free trial its beyond both.,5,2024-09-30
de2ccab6-0ab9-403d-857c-81ea4809835d,Bluetooth Speaker,56780,Notice past ask chair artist church speak old raise.,3,2024-09-28
2fe56be7-2960-42be-aec3-088a71139786,Bluetooth Speaker,38025,Tv natural east talk do develop whole leader collection.,3,2024-05-01
9cc9a6e6-2a13-4a8a-9a39-4e6100331173,Smart Watch,44244,Evidence ten include hundred its economy sense dark unit floor chance body.,5,2024-05-19
b70d8f7f-8b9b-4090-b4b0-3935891352d5,Fitness Tracker,61769,Set science note rather late line realize.,2,2025-04-29
8f29b43f-207f-4b5a-a187-07e18abf2400,Laptop Stand,42377,Cost network project site close program recognize state fire.,2,2024-10-14
ada29a04-9908-4a22-980f-e9305d23d99f,Fitness Tracker,16381,How base issue quite like word American.,5,2024-11-08
56b144b4-be23-4555-8ff3-491c9e117851,Laptop Stand,58888,Special mouth degree air party concern myself together stop.,3,2024-12-20
e8da3759-2e5e-4ad5-aa39-da569883d249,Bluetooth Speaker,89398,Sort approach TV people discuss hit evening letter occur interview himself.,2,2025-04-04
67ec16b8-6aef-4d42-a264-99e4456ac2a4,Laptop Stand,27515,Particular idea key we side try hair general garden stock truth finish.,3,2024-11-25
e83ec6ce-283a-4f9e-835c-77b60bcab7b1,Smart Watch,56877,Short read culture before billion apply television blue cost meeting no red set.,2,2024-06-16
64a4a0ad-4209-49ca-ad81-99192496b531,Bluetooth Speaker,41910,Church office key star court adult also leave cost win really fact expert.,3,2024-07-14
63bc8be5-fb60-4a0c-bacb-233b23a946c0,Smart Watch,90468,Night government show hospital purpose response.,5,2024-06-08
228c2cbd-19d3-4045-93f9-a7bd28a6ca84,Wireless Earbuds,13954,Side reach customer sometimes left personal leg.,1,2024-05-22
27f8c6ae-3711-4597-ae43-1bcafc0adba2,Laptop Stand,93818,Know or miss natural position body.,4,2024-11-17
29749546-38ef-4474-b840-e71e06a255d3,Fitness Tracker,56200,Catch democratic third decision leader idea partner benefit left these morning.,1,2024-07-03
5f1bd792-ce14-4205-b353-1f4f9b9419c3,Fitness Tracker,76509,Entire human particular he professor final matter receive water early read.,4,2024-10-21
8ebe3b02-af5d-4601-b907-db269d8113b1,Wireless Earbuds,60261,Suffer system next your energy very always fact cell similar two fish article.,3,2025-03-16
c15a05ed-c048-4be9-b36c-9b337f0a6e57,Bluetooth Speaker,52579,Computer task no discover PM letter president mention prepare body structure church eat.,3,2024-08-12
20ed2bbd-2823-4ead-9309-449a4690e712,Laptop Stand,69262,Value kind others its his traditional mother science result necessary official research.,5,2024-07-09
3efb9776-2482-4c0c-a1fa-bbfeee7261d7,Bluetooth Speaker,28304,Month age lay measure now shoulder high middle some.,3,2024-08-21
7736f9b2-a7f7-47a2-a22b-510e948adf7b,Fitness Tracker,17830,Leg score power plant always difference to company live.,1,2024-11-03
922d9a18-efd7-4f2c-b85b-1b629849c2b3,Bluetooth Speaker,34075,Stand dinner across role hotel Republican people.,5,2025-03-11
7752df00-7486-4f79-9d0e-9973250f368f,Wireless Earbuds,73629,Middle but gas several agent such mission property television.,1,2024-06-30
a5151474-37ce-4b05-afea-f5530e5e8bee,Laptop Stand,56994,Page include Mrs indicate carry since take probably tree perform sure discover sister.,4,2025-03-19
205a2a66-cec4-4dba-8d09-9d6806e104a3,Laptop Stand,99991,Test offer must apply public day.,5,2024-06-08
9a51c018-317b-4552-8634-3d1d02a6f48f,Wireless Earbuds,21912,Why upon me draw book throughout force left their.,5,2025-03-05
a2854d82-6586-41e6-a4da-7943087c6f65,Wireless Earbuds,44963,Couple leader money book everything man list.,3,2024-10-27
dfc0d521-b7fe-4508-a909-b91ec4ee5157,Bluetooth Speaker,27244,Level play benefit school rich have here bit guess.,5,2024-11-13
12190a89-60e1-4e26-a9e2-1796b407144f,Laptop Stand,61353,Any account set film catch central chance give.,3,2024-08-04
a5cde105-168b-40b5-a48c-078e638acbf9,Fitness Tracker,65324,Market technology win its water time parent modern must.,3,2024-10-19
52a7d1fa-0289-49eb-881c-ac033ebddf7f,Fitness Tracker,21648,First key baby loss prove health pay traditional the peace.,3,2024-09-26
564e3291-f4ae-4e43-8142-fe46b48a605f,Laptop Stand,53931,Buy successful above gun price land nothing heart large.,4,2025-02-06
8f88893a-79ac-49fa-a670-5d8fea5a2ce6,Bluetooth Speaker,56021,Skill natural investment camera north real growth happy ready seem lead.,2,2024-11-06
664f6835-5207-4990-a31e-20992a5b04c0,Wireless Earbuds,40709,Significant according lawyer beyond serve middle technology of throw fear bad item.,3,2025-02-16
d70a23ed-ce2b-4472-bb00-d4ea7b4cc35b,Laptop Stand,85495,Worker leader class include return anything.,5,2024-08-07
cde17078-45ac-4f72-b82c-1cfe65ba1490,Fitness Tracker,65008,Ago good theory responsibility young yourself cultural less bar each year compare child.,5,2024-09-20
9c21e080-6c36-44a4-ad8d-37e2de17df9b,Smart Watch,16699,Our opportunity force station front her federal service offer last.,5,2024-06-16
de76456b-0934-4294-a0fe-91617405117e,Fitness Tracker,62632,Enter letter rather operation avoid say sometimes activity dog history member big.,1,2024-12-30
d4bced0e-b3c7-4aa2-afb5-dcb56caa7a8e,Laptop Stand,34613,Oil entire ahead Congress group thank throw.,1,2024-12-23
1ba734ae-fefb-4319-ad37-48c488766258,Smart Watch,56240,Five through find hard stay join often voice and.,3,2025-03-18
fd683ed8-1f3c-4250-b009-c6833cb119a5,Bluetooth Speaker,25541,Method general agreement system every understand summer defense front plan maybe.,2,2024-12-04
c385abe1-3216-46ae-8787-c2e896705601,Bluetooth Speaker,48874,Area notice no author tax religious.,3,2024-06-22
ac2750fe-057b-4042-94d6-199f84c4797a,Fitness Tracker,68394,Make team peace deep wall never environment.,4,2025-01-23
059b7855-43be-4a8e-accf-9bcf0d0ec1d2,Smart Watch,56222,Against room morning place prepare determine see item involve bad.,1,2024-05-17
56a6576d-b294-48ce-b12a-ffad6dc9b651,Bluetooth Speaker,18292,Hold way when five continue help board seat usually speak.,4,2024-07-14
072d8aab-9ebb-4f73-9765-9cf53a56e567,Bluetooth Speaker,77961,City voice under executive within important page second before outside.,4,2024-07-07
32139c63-36ec-42c6-a0c3-d3127d8bd79f,Laptop Stand,61358,Move conference pretty issue garden white there.,4,2024-05-07
542ef6dc-7a29-4a03-b678-dca21f56f894,Bluetooth Speaker,21105,Its moment win author among decade team development measure in decide security.,5,2024-07-30
49f7aaf8-2868-47b3-9ce9-9b1b12c92afe,Laptop Stand,86403,Nature air kind although career choice there party lead seven upon member.,3,2025-02-10
0788a03b-644b-4627-a040-58cd178ca90f,Fitness Tracker,35186,Someone page surface campaign often line too forget over two suggest likely light.,1,2025-01-25
4809dcc0-a464-4d07-aa37-6d002d678aee,Fitness Tracker,26391,Something pick should offer he less.,1,2024-06-03
63a37c86-2071-41f5-aff3-b51fb70ac695,Bluetooth Speaker,65259,End five participant there cell few really report level security before already watch.,2,2024-05-06
59babf14-c55d-4b7f-9c12-58a1de81854d,Wireless Earbuds,50724,Loss tend life position onto sign among improve pass course rich.,5,2025-01-31
b375ff96-6b50-4f0b-a62e-457486ecd46f,Bluetooth Speaker,96414,Red crime worry situation beat chance everyone meeting reduce including instead charge.,1,2024-11-09
61ea1afd-63d2-4a46-a37a-a07fec657bf1,Wireless Earbuds,64498,Rest vote whatever degree wear focus Mrs yourself relationship speak simply.,2,2024-09-16
1b8d0a10-3b46-4717-a6b6-678d07848f24,Laptop Stand,69483,Dog recognize current idea together their information data throughout.,1,2024-06-16
1e1c28cb-375e-4b2a-9b6b-152798bfc84f,Fitness Tracker,42518,Up move phone Republican particular class.,2,2024-08-11
bad86e18-6daa-442c-b458-31ec3203f603,Laptop Stand,37268,Color several brother measure seek art experience only interview.,5,2025-03-26
1795eb12-5a87-49c3-87c6-341c69f9a269,Smart Watch,98908,Involve but skill hotel early huge recent trial.,4,2024-10-08
885e019d-2e62-4eef-80f9-76d8be16b941,Fitness Tracker,21319,Those shake member team part keep television hair him.,4,2024-05-24
1dbc4e50-85cd-4c10-9a70-705f95eb131f,Fitness Tracker,90205,Decade coach make area modern pass our beautiful still.,4,2024-06-01
20ac4882-16eb-469f-be52-648ae510d747,Bluetooth Speaker,29706,Lawyer sit notice question choice front same step behind loss other.,2,2024-06-01
867a292c-97ec-4086-a356-cecc80b869f4,Wireless Earbuds,14346,Analysis some keep decide low TV try.,4,2024-05-15
9e0b67cf-191c-48e1-a84a-4779cf004b75,Wireless Earbuds,90349,Particular majority ten themselves check play strategy system eye season happy southern discussion.,2,2024-08-08
c397a36b-32cd-40a5-ae0e-8f835ed4a1b9,Fitness Tracker,22281,Draw summer explain use red bed clearly science.,4,2024-06-12
18621913-762d-49f2-9c24-cc743255cb36,Smart Watch,26985,Goal hour like discussion your property probably offer size draw cultural financial analysis.,1,2024-09-29
f8d086d1-c4d5-4bd7-a1d0-ec6cf11d456e,Smart Watch,97786,Her get boy human trouble choose responsibility oil item before expect.,1,2025-02-23
3c5eb259-3eda-4844-b0fa-490854a97763,Bluetooth Speaker,36050,Three responsibility development assume year character.,2,2025-04-04
00a1203f-834d-4ab3-a21f-7fcc0e9291a7,Laptop Stand,20151,Throw general stand speak about appear city million.,2,2024-11-18
16e8aadd-2345-427d-b20e-244706b6db3b,Fitness Tracker,34449,Democratic happy night compare seven couple.,3,2024-08-29
f9c9b2e1-4c06-46e9-82a1-88b0acfd96a1,Fitness Tracker,40806,Company hour ground court structure certain son senior professor.,2,2024-07-28
388fe479-beaa-4ee7-8b4f-1a71134159d4,Fitness Tracker,84185,Thousand man campaign laugh modern rate method.,5,2024-08-10
ab9709b1-6a76-4087-ae11-cc27990c8e69,Fitness Tracker,35926,Left everyone value enjoy second performance each trouble business quality place newspaper place.,5,2024-06-02
a15e99b7-b54d-43c8-8b4a-085444d714f0,Smart Watch,12871,World popular interview reveal exist field drive study.,1,2024-12-17
32528197-654f-4194-b844-311545599716,Laptop Stand,20257,Boy behavior book strategy determine claim.,4,2025-03-12
19a686d4-bb18-40a7-83b5-a6146b215a73,Bluetooth Speaker,70422,Brother born cut less identify term if history perform say.,2,2024-09-05
00dbdae6-7013-4ed8-8b33-73d622b8cecf,Fitness Tracker,22808,Writer recent audience shake exist father cup artist election nature.,2,2024-08-31
52bfe381-5a59-4ad9-a509-ea72bdee7aa5,Bluetooth Speaker,33287,Response final up training realize property option sister office all.,3,2025-01-29
b9e038fa-68a8-41b8-ad2a-9384f5b36740,Laptop Stand,90818,Medical factor sing actually board actually church stock rest.,4,2025-03-24
be4e5063-1f2a-487b-893e-941c1fb2a6f7,Smart Watch,57275,Plant better keep once sea campaign him financial.,2,2025-03-09
3ddaf7cd-8824-4f82-99fe-8d5d474af3d1,Smart Watch,32930,Medical challenge available as people interest paper record water garden lot read like.,5,2024-10-18
b4abd27e-1ca2-4916-a8a6-e6631d5d8c3d,Laptop Stand,15372,Whether include can moment vote amount office see information.,5,2024-08-10
9173bc83-3556-4240-9bdb-e869ea4c5bd8,Wireless Earbuds,56227,Season population wrong his beyond likely growth whole.,4,2024-05-11
73167421-dde6-4ab6-8833-95ba1a00dcdf,Fitness Tracker,56276,Interesting walk fish rate player blue.,5,2025-02-03
252831b9-bf4a-40d8-aef5-7fe32353c494,Fitness Tracker,56004,Ground them far about hot media article what store economic guy nothing administration.,5,2025-02-06
b06505d8-4653-42e6-b678-8bce3cb2fbe4,Bluetooth Speaker,75104,Fact serious itself number little field push six half land.,1,2024-09-05
ae254fa8-1efb-447e-8726-7e1db422bbe9,Fitness Tracker,74735,Letter cell allow could camera notice.,2,2025-02-16
b50201a9-61bb-41f4-a4db-06da1334afdb,Bluetooth Speaker,27624,Practice owner job ask head fight own benefit.,5,2024-07-28
c8530c33-139e-4fae-be3f-ecf2c9aa81dd,Wireless Earbuds,20983,Early few interesting enter tough offer recognize minute.,4,2024-08-15
1f95d454-2d5c-4edd-a68c-2b1a0ec4489b,Laptop Stand,92059,Range rate book sense administration newspaper available in.,2,2024-10-14
97872b65-e407-4161-8f3d-71e738531a4d,Fitness Tracker,81057,Tonight read assume history physical feel south pass.,4,2024-05-03
63d5d29e-8e96-41e8-b9ec-99ae9be157e6,Smart Watch,49366,Sport training again plant hundred toward real wind nice mother that.,2,2024-11-30
75812066-ba73-42aa-8f3e-f02e7b3f98df,Wireless Earbuds,15292,State less involve close collection either.,2,2024-10-15
734def93-d58c-47ca-959c-2650fc1eaee3,Bluetooth Speaker,26028,Because ok job why size growth drug pressure raise enter somebody.,1,2024-07-11
dc65fe07-3746-413d-8e29-b0fd83728f33,Bluetooth Speaker,78354,Foreign air adult analysis scene rather.,4,2024-06-24
c33ca794-e589-4408-a973-4fe9f436f0ad,Fitness Tracker,79501,Go sometimes degree involve record management for provide two back moment degree position.,5,2025-02-20
b9910875-9db1-42ff-8592-68f5c1819eb9,Wireless Earbuds,31908,Offer wide green population ball your final camera recognize act production.,5,2024-11-22
1b63a4c4-3d33-4c73-83f9-12cc16ccf6d2,Wireless Earbuds,27297,Bring name capital window doctor do water send.,4,2024-05-17
1bb4a9da-325c-4843-a802-f2b66b11a3ec,Bluetooth Speaker,26916,Lot leg sometimes identify gas rather local she tough or process.,4,2024-12-11
98e006b8-bdc1-4a03-8926-ddf449da8f3e,Fitness Tracker,51619,Guess what so century teacher artist control.,2,2024-06-01
18f0d016-abeb-495e-a855-9b81dfbb1d73,Fitness Tracker,58676,Dog morning decide generation natural fall especially tax number drive.,3,2024-09-20
f4ff811b-9915-43b9-ab35-305a3bf2d41a,Laptop Stand,64206,Instead dream learn oil better mind student yeah age exist.,5,2024-11-04
ac91cc2a-263a-492d-a93f-1c982c8ec59b,Fitness Tracker,83397,Nation old total team know wait.,1,2025-01-08
daae9d54-1d66-4ade-add9-c7473c7a2029,Wireless Earbuds,93618,Evening American another account force quite feel city station event live military then.,1,2024-07-21
6091f12f-104a-410e-a327-b8d43a9277d2,Wireless Earbuds,49216,Cover country society middle school others.,2,2025-04-12
3b80a144-781a-47ce-9b6f-49f2a2e2f8ea,Laptop Stand,46371,Check need course quite true yard employee nothing paper happen.,3,2025-02-07
d3fed396-1d0d-4e6c-b4f9-bd115d937cc7,Bluetooth Speaker,16691,Character purpose thought country activity administration factor always history series itself mind.,1,2025-01-29
b139d264-9be0-444b-8650-493f9ba81bc4,Smart Watch,46878,Hit result take base before mission step today special.,1,2024-09-02
9997db8f-335c-4064-8ee6-08061b471c2c,Wireless Earbuds,46817,The responsibility paper week any seem may human how around level picture.,2,2024-10-29
d06e1928-e881-41eb-8113-bedaff0f0f40,Laptop Stand,88719,Certain whom end girl challenge different light join reach quite tell.,1,2024-09-29
2542f62d-f5d6-400d-9796-50c16c31ab83,Fitness Tracker,45698,Color pick contain Mrs but key member professor check throughout side.,5,2024-06-14
da9e3960-da57-4309-a9bb-9287a15e9f80,Smart Watch,85429,Condition we end seem audience turn last stand phone lawyer work success.,4,2024-09-01
370261ed-05f5-44f7-a37a-cdec5372d4dc,Fitness Tracker,69396,Short before heart worry good amount middle from rather.,5,2025-03-27
48be7e6e-ccbf-437c-bd10-c9d0b2785d79,Laptop Stand,52660,Fall politics cell lay throughout or experience.,5,2024-08-18
a40c1c93-c8fc-4666-8d4e-5d5c6505859a,Bluetooth Speaker,31616,Unit memory market great step hospital case easy school ball.,1,2024-12-02
490d5abe-e2c5-47b0-8305-a83756912552,Laptop Stand,73518,Firm person serious care season several join listen this response evidence add themselves.,2,2024-08-04
fa01be99-b8ab-42f4-8042-f2b572283023,Fitness Tracker,72944,Look center control give type hour record imagine finally teach up north.,5,2025-02-10
ccb17f52-722b-41f0-885c-e1e8cc177df6,Bluetooth Speaker,25546,Again go nature get eight push myself argue style able give record will.,3,2025-02-01
e4d3d357-9ea9-49e1-a9a2-16ff3e35bfcf,Smart Watch,73756,President activity fine central within sort court pay today consider case but boy.,2,2024-12-20
cbebe1e3-a7b1-4e1c-8b4f-7c147bf868a4,Bluetooth Speaker,89595,Lead not other concern poor radio.,3,2025-03-20
7db8bf29-7185-4bd6-b522-e56b2d83e231,Smart Watch,45740,Right capital own table perhaps develop.,5,2024-05-11
06052c4d-c49d-47e6-af64-59d34d22971c,Wireless Earbuds,62527,Fact compare someone expert per number film.,4,2024-05-06
3c5783b6-a08e-4926-8fa7-5f72de7065fa,Smart Watch,21931,Not style upon plant talk member until as.,2,2024-10-14
bda52a3d-ed33-470e-9837-b4ef73f7c62e,Bluetooth Speaker,58309,Past science draw anyone group understand modern responsibility in well.,3,2024-06-17
296389d6-70c7-4825-86e7-e9c1cf50462c,Wireless Earbuds,61176,Need place play budget onto maintain resource everyone each give possible gun onto.,2,2024-08-05
391e986b-3473-4983-8c43-6317daaf0ae1,Laptop Stand,14282,Certainly maybe girl while play mind sit get pattern carry.,4,2025-01-05
8d5b401b-ea0f-4e56-841c-ebc6c1ff7f5b,Bluetooth Speaker,45589,Red mother pass another white message share how turn stop.,1,2025-03-14
dda729df-4532-460f-93bd-d9a82bcb12c2,Fitness Tracker,75947,Science believe detail street fact black degree wall wall level ahead want.,1,2024-07-16
a06659c2-fd92-4163-80ee-29b3b6ab2c8a,Bluetooth Speaker,36076,Hand sell issue whose education team hotel sign determine miss everybody.,5,2024-07-25
4fbff429-74d1-4464-8ad8-c9c7a03e83d6,Laptop Stand,27993,No administration hit deal second impact seat usually nearly spend center daughter company.,1,2024-08-26
9cee7310-1ca9-43cf-816a-9690e4fc34d8,Bluetooth Speaker,58250,Sometimes bit notice art read lot manager continue none figure show especially.,2,2024-09-04
f912de38-f76d-41ca-9648-cd1912b36246,Fitness Tracker,96717,Personal successful class too tree and once produce worker during really according how.,3,2024-08-28
ce78fbe7-f650-4c73-923f-cf8935b53a73,Wireless Earbuds,20464,Face herself side increase degree because then method blue.,2,2024-12-04
1333b176-80e0-450a-b77c-005d130e28c0,Bluetooth Speaker,32919,Population enough son general event suddenly wonder these arrive member.,5,2024-05-14
970c808b-b35b-4880-a7c7-689caaa0a403,Wireless Earbuds,10057,Ask discover build state minute suggest attorney image into should consider TV.,4,2024-06-05
6ed1b902-daea-4c08-8b23-4ff597c9dcee,Wireless Earbuds,61788,Early blood stand professional itself key need your agreement.,2,2024-10-18
1d665006-df96-48b2-95ab-f721547fcf94,Bluetooth Speaker,71121,Make then this letter physical charge.,5,2024-05-22
517dd0f1-5931-4bdc-973b-49372c63a5ea,Bluetooth Speaker,46562,Politics read partner find place town begin look remain.,3,2024-11-24
7137a644-5ef7-48b9-add7-1a65153b476f,Smart Watch,70942,Way couple teach section than usually art option thought despite.,2,2024-10-18
703adb30-b4f9-4f33-babe-abc068e1ba8e,Smart Watch,85948,Agreement once put pressure away direction player black once trial marriage.,3,2024-12-04
0f983f6a-3253-4b73-8345-df0f80fa43bb,Fitness Tracker,19424,Without pay author social else condition push would face agent.,1,2024-06-10
e16c2a29-4649-4f01-9df0-0578437f386a,Laptop Stand,14762,Because adult soldier outside field gas event back family.,3,2025-01-01
fb9503a8-7e4c-4ec5-a550-640e9a4d2233,Smart Watch,78980,Wide road our specific player case.,3,2024-10-19
b48171e4-9aa5-4d33-831c-6b199003d147,Laptop Stand,94982,Marriage phone conference style talk simply game.,1,2024-11-18
2a0310e2-562d-43e1-a339-be7b8d7dc9b0,Bluetooth Speaker,80927,Wonder meet manage low figure send finally paper television light key.,5,2024-05-16
60fd4c6e-45c2-486c-aded-dfbe4dbe5e92,Smart Watch,59961,Personal political suggest fish serve day general design.,5,2024-09-13
6b5c33f1-e6ac-4a80-8497-7cde7cc251bd,Fitness Tracker,48368,National hear late senior way section piece garden child line other believe benefit.,2,2025-02-11
7b83630d-997e-48ff-839f-8a794981e2dd,Bluetooth Speaker,50160,Weight whole government different speech must skill rise fight finally.,3,2024-12-14
17cdd57f-a728-4921-8397-91b6c938459e,Bluetooth Speaker,31927,Mr form election manager management outside form coach travel ask.,3,2024-10-27
5a049005-76c8-4ef8-b39c-b6f313dc95d9,Smart Watch,37445,Side behavior civil agent lay international someone add father.,5,2025-01-21
39ae6456-eb4c-414c-a079-53343f3b4c52,Smart Watch,48390,Yet deep so rest whether series answer north somebody local.,1,2024-09-03
6c54df99-5781-4701-a238-20ce9e8fbe08,Laptop Stand,42342,Car back learn marriage language class another yard writer however leg.,2,2025-04-17
1bfeb9b2-daf2-4003-a5ac-fca498af4051,Bluetooth Speaker,46365,Team father yes with get window clearly along speak step.,2,2024-11-16
973249d5-95eb-49ba-b381-cac069d5493e,Smart Watch,29600,Light individual sell history quite southern pass him fly soon Congress.,3,2024-10-22
5fb13d38-b433-48ef-a710-3d59df3abbea,Laptop Stand,68662,Machine view possible mean on hope try how simply war.,4,2024-08-27
783ceb61-0254-41ec-aec9-e3826177166e,Bluetooth Speaker,47959,Door consumer magazine federal themselves past risk series no.,1,2024-12-05
1ee09844-0ad9-41e8-b2c1-c44af20a5b6c,Smart Watch,14800,Billion floor effect under exactly before speech offer science another.,3,2024-09-18
eaa9c07a-bfc0-491c-9687-6ebf5e6fb65b,Bluetooth Speaker,10041,Heart many ready start far state list move plant responsibility garden but condition.,1,2024-07-10
a4b35b9c-528e-4d6d-93ed-a88050c56658,Bluetooth Speaker,82520,Table me fish chance room ok leg that senior figure themselves today discover.,1,2025-01-18
2dc4aed1-1395-4afc-bb2a-9ad2aaecff69,Smart Watch,60384,Watch then staff simply job college score official it should cup wait nation.,4,2024-05-05
614346c4-2537-4408-b8e8-4b5f85a03a99,Wireless Earbuds,79138,Soldier worry change put visit stay traditional far.,3,2024-06-19
ba4ad123-53e9-4c47-bd4b-5937bfce3cb7,Smart Watch,65184,Single member young son which former single.,4,2025-02-08
baed5225-a1cc-4b5b-9903-f2efb1a33b78,Wireless Earbuds,67695,Owner better draw blue course yeah lot grow class forget shoulder indicate economic.,1,2025-03-05
c0d01965-e5d7-4422-9b6d-1a9cd876bf17,Wireless Earbuds,40550,Miss just executive including door enter so lawyer.,2,2024-12-11
ae5a1b0a-0202-4c82-b68c-c5e5ad5f7602,Laptop Stand,31277,Indicate boy western see hotel administration all around.,3,2024-06-12
9b7c981f-178d-4360-b37a-5bec064051df,Fitness Tracker,76440,Ground name eat find senior low instead project.,3,2025-01-21
9720ef9b-1827-46f8-8928-a86c6e78a535,Bluetooth Speaker,22217,Smile green test bar defense way behavior on tonight conference church.,5,2025-01-08
b39cf226-f0f4-4a45-9a4b-0c804a51b934,Smart Watch,23737,Soldier special indeed affect family national all partner song.,4,2024-08-29
db6079c1-479d-49af-9432-87c856370c05,Wireless Earbuds,94261,Blood us leader wrong heavy hard manage argue year wind.,2,2024-10-27
d472874f-0dc8-4cf7-990b-63215f08bb14,Fitness Tracker,79980,Factor single instead head player Republican other position entire good today learn.,5,2024-05-06
3a131105-13e5-46bc-bb8c-571eeb4bc141,Laptop Stand,26419,Party night book moment fear law hospital theory create free board.,4,2024-09-23
8c759dc3-173c-4575-a659-0046cb9464ae,Laptop Stand,80188,Entire can animal be standard key.,1,2024-08-24
a71078e7-236e-4079-bfbb-f6cdd4f8ebf2,Fitness Tracker,84048,Building common fine she step ready what including.,5,2025-01-26
db8dfb82-0ddf-403a-bae9-fb597fecceaa,Bluetooth Speaker,59994,Smile stand simple usually special adult.,1,2024-11-08
bd5957b8-77be-41d2-b8b3-b844b6cc7260,Smart Watch,92601,Century area attorney bit western use make fact a.,3,2024-09-26
e71b06f0-4dab-4024-bd71-928191c71126,Fitness Tracker,34283,Student health over less build thousand race doctor future property section.,2,2024-10-31
4720d7c0-1e02-4e2f-9702-fd96bbf99dfb,Fitness Tracker,30236,Run student four top quite debate.,3,2024-06-29
ee1e5135-d47f-4b98-ba75-4a4f6315f215,Bluetooth Speaker,19519,Better season end yet approach worker choice continue.,5,2024-07-14
3c76f04e-a729-406c-a242-c37ddbd2e2af,Fitness Tracker,78466,Full hold practice nice like available nature describe.,2,2024-06-01
43d32c6a-c4cb-4f49-a68c-4e5d8ac8093d,Wireless Earbuds,24563,Run church employee enjoy throw during leave bag star audience evidence.,2,2024-11-05
d3fa3295-c593-4c41-a3bc-0e210446b92f,Bluetooth Speaker,51798,Perform produce worker until government whether way maybe law.,5,2024-06-02
79cf4804-fd42-4e98-8ac9-33209dc3d540,Laptop Stand,37278,Investment whether pay keep military door notice.,3,2024-08-24
1d8eb438-ed8b-4256-b4d4-f960daa363d5,Fitness Tracker,38249,Catch scene plant question capital company gun mission yard teacher view ok.,3,2025-03-02
e89c3a79-ca38-41a2-ab0f-c7ad7bbd5880,Laptop Stand,60518,Food much rest responsibility list star both young throughout.,3,2025-01-27
0a1ddba3-56f8-4dcf-88a0-56adb3206bb1,Smart Watch,48543,Try goal focus assume own ask game accept short.,4,2025-04-27
8efb8146-38ff-465f-ae9d-dfa25f14dd12,Smart Watch,51355,Hope behind off agree century maintain.,4,2024-06-10
44364714-2797-4d03-9da7-92ddd0627422,Smart Watch,35566,Buy avoid professor fear onto quality.,2,2024-11-07
4185b4fa-b69e-4fc4-9266-a9c8003ccc4e,Laptop Stand,57408,Ready eat cultural under blood matter simply here hour anything land that.,2,2024-06-22
3d57aae0-6ac0-4ba0-ae87-0038cd3cc50d,Bluetooth Speaker,44308,Time marriage night community show region film likely mean trouble traditional occur because.,2,2024-08-14
a13ddfc1-06be-4885-b3c5-77def8e001d8,Laptop Stand,41733,Why every husband record energy sell spend according religious truth certain picture.,4,2024-05-11
668aec76-c5f8-435a-aefe-64388411bc5a,Fitness Tracker,60546,Politics institution only who little state create her want likely or.,3,2024-10-14
9daafab0-2f7b-4a5f-8883-a53ac0fc4d68,Smart Watch,37363,People standard force human would head central most team forget discussion.,5,2024-05-28
672278bc-7b5e-4aec-a5c4-191e19580822,Smart Watch,18398,Executive pick these issue dream person bad.,1,2024-08-04
c808106b-e1b8-4bca-9510-ae3f5c33e468,Smart Watch,45991,Among value reason force best wear Mrs bad structure.,2,2024-07-25
58814563-2d01-4bbe-9d0e-553ad2ddffe2,Fitness Tracker,80236,Stop part know raise final reveal.,5,2025-03-06
e19113d6-45a2-46cb-b459-2d81bdf4d7e9,Laptop Stand,41756,Task talk tax party police side population take expert food eight over increase.,1,2024-08-19
4860d85a-6cfe-4c40-931a-61c4df3fb2e9,Bluetooth Speaker,37164,Check difficult suggest him political understand tonight book often ground instead economy quickly.,4,2024-06-10
b0c0cd29-32ef-48fe-b8b2-441e24b9aa7d,Wireless Earbuds,77026,Again house moment upon week deep bar poor.,4,2024-08-12
5d5e76ff-6b1f-4dc7-83ee-ceaf02fec927,Wireless Earbuds,15302,Factor group crime can movie state authority road.,1,2024-12-23
e102a61f-4496-4c31-9f01-3be633a284cc,Laptop Stand,95795,While movie machine information rather stock friend loss.,5,2024-06-14
1e07315e-a8e4-43d6-af38-2fe8df504439,Wireless Earbuds,48487,Sure alone style magazine their expert of shake feel hand.,2,2025-03-12
87734056-3f28-4d51-ad70-b15155a0364b,Wireless Earbuds,88888,Adult main say day generation admit drug evidence usually available.,2,2024-06-08
6f548ff1-a13d-4dad-9d14-99ee507655c9,Smart Watch,61996,Less issue trouble camera article explain increase never in at center especially.,1,2024-08-01
d2ee4220-2096-4528-9c80-e60faa09bfae,Bluetooth Speaker,29458,Each blue something dream down everything evening.,4,2024-09-24
57e50d5f-15f3-4593-af40-43e4644ea094,Laptop Stand,79831,Happy talk bag former PM continue color because event director.,2,2025-03-13
da35fff1-a10d-4c63-803d-ff77521d65b3,Bluetooth Speaker,81672,Certain property change picture enough range rest interview office.,1,2025-01-12
915967a1-b542-4c35-8020-e1840e3e5b1d,Bluetooth Speaker,59655,Position middle green plan as push appear.,3,2024-11-30
e4c660ac-1bae-4761-9776-caf67a42a20b,Smart Watch,66916,Tonight true Mrs bed throw employee.,1,2025-04-26
28d463a5-18f0-4fc4-a20d-bf761d1d94dc,Smart Watch,98253,Coach right different any never wide leader.,3,2024-08-28
01c7cb4e-e824-4c21-a4b8-25f7e9db394f,Fitness Tracker,95697,Raise company third site travel population market house will.,2,2024-10-04
be6420d6-1fb9-4e3d-a2f6-11a441b6825d,Laptop Stand,64541,Cold lose space training else great would.,1,2025-04-29
c705058b-b68e-4887-b5dc-d0be7e4ec957,Smart Watch,41181,Trip job win consider most manager anything scene listen guess four senior.,3,2024-10-30
5a4e59b5-2aae-4c2a-b5f9-27701646e456,Smart Watch,15539,Individual see call develop rest finish difficult.,1,2024-11-10
4b739f9e-16ed-4390-bf40-97e4780c294d,Smart Watch,19308,Defense create expert early right body knowledge away deal weight old phone make.,2,2025-04-09
aac8f7f0-9fa3-42ca-86de-9d23435acd37,Wireless Earbuds,25705,Issue blue down might line condition house economic while response go task generation protect.,3,2025-02-13
32887b02-0e6c-406e-a152-1ee12ff02d74,Wireless Earbuds,24999,Figure road ready our power key describe candidate by exactly option general.,4,2024-10-14
2a4a46a2-d055-48ea-9db6-fa4c70f54ecd,Bluetooth Speaker,38016,Interesting road civil best a religious become smile near act bad page represent.,5,2024-10-17
93fc67d6-7525-4bc9-86c3-c427cd1e062d,Bluetooth Speaker,82040,Day themselves require movie science case student decision.,4,2025-04-03
6383eba3-041e-4326-ac02-a4438c442a38,Bluetooth Speaker,91468,Scientist deep treatment ability long value.,1,2024-11-12
93a222ad-d4f6-4d8c-a109-25b9bd7358cf,Wireless Earbuds,55540,Direction material stop customer pull black owner protect church able relate.,2,2024-10-07
3db22c61-ed5d-4f08-a6fe-df6365c26f37,Laptop Stand,49009,Think marriage write page respond individual skill job.,3,2025-01-04
45cc95e8-2a26-4019-819f-175049b9e2d6,Laptop Stand,87267,Despite friend yet young church our front experience billion trip class audience game.,3,2025-05-01
e9b3d0ea-6617-4277-8b22-54f3b839e279,Wireless Earbuds,60584,Mouth learn window author probably cost second involve myself set summer subject decision.,4,2024-11-24
b17f3b77-38e4-4b4d-b1a6-73e1ab1702b1,Smart Watch,56361,Sister yet security around air vote final evidence agency rather impact mother many.,5,2025-04-27
d1a3652b-8706-4f82-af70-28942f1307fa,Fitness Tracker,13423,Less still agency large risk through.,2,2025-04-02
d8b6f4fd-9bf8-42dd-bba3-2fbf17868247,Bluetooth Speaker,72419,Employee station develop onto open manage.,1,2024-09-23
41f8046f-69d0-4aae-b3d4-accde4ea691c,Wireless Earbuds,47838,Heavy seek upon best why then those make admit able.,3,2025-03-02
70e7c3ae-493d-492a-91be-2285e44e1976,Smart Watch,38634,By job send artist certainly whose.,2,2025-03-27
e5ade14c-7a33-44f8-a7d9-f0c1f901a481,Wireless Earbuds,77109,Significant great ten method rock western station finally.,1,2024-08-17
39f7d945-142f-44d8-b086-770ea17208f5,Smart Watch,76946,Ago big mission care exist money kitchen among civil ground economic ok.,1,2024-07-05
0220f3c6-89c9-4c1b-abab-e40494c8ae53,Bluetooth Speaker,35874,I data scientist collection deal hotel deep government blood individual detail bill.,3,2024-05-22
222cb3e5-e50f-4cb3-b710-ee89a96d630f,Laptop Stand,82671,Build least picture mission officer most sure true report boy identify.,1,2025-03-14
5be3fa92-c66f-428c-80b0-f2456f34721d,Smart Watch,18237,Record authority one art west indeed stage my light whether practice.,1,2024-07-18
f3c8a77d-1086-403e-9dc2-747133b24922,Fitness Tracker,84154,Western project anyone reason kid since add must standard notice professional.,2,2024-08-22
45682405-309e-4d54-814d-cf9d523b35bb,Fitness Tracker,85444,Most visit next consider prepare eye dark last carry thank.,4,2024-07-05
e38542af-2968-43b8-a18d-cf14d7b654a0,Bluetooth Speaker,85190,Foot already provide sign need they occur main production word pass media.,4,2024-12-28
738239eb-85e8-4d79-933c-f9f870916ecb,Fitness Tracker,70435,Cause information likely partner opportunity personal return the administration outside control.,5,2025-04-01
4aada0fe-8487-48a9-a98a-0891fa829382,Smart Watch,63633,Attack health mean who majority stock guess discussion.,3,2024-11-09
8bcc2f61-3db9-40b6-bdf1-f1373dfbc463,Fitness Tracker,38958,Here suffer chair analysis go education another especially under part gun.,2,2024-10-15
e3a688a6-a6a6-4780-b48b-fb31d68f9ae4,Fitness Tracker,75323,Low kid party per this market I bad song family whole open.,1,2025-04-09
1066dc4d-15f9-40d0-b167-f07068b7b5a5,Laptop Stand,11000,Economic office minute meeting civil college century.,5,2024-11-04
5d8d8e84-360d-4007-bf8a-8fe3352ffbaf,Bluetooth Speaker,89048,Citizen different decide once there walk federal team human city senior well.,5,2025-01-26
0908873a-7c7e-42fe-890a-0bc22ba98c05,Bluetooth Speaker,30744,Several business accept push process meet there service claim house.,3,2025-01-26
5824ce53-f68a-40c6-a394-3c4ebbe6a8f2,Laptop Stand,60701,Customer size role although describe guess herself.,4,2025-04-11
2d0c9014-06e0-46b9-9ceb-c0bd8d4bf7b4,Laptop Stand,34069,Explain street strategy high policy home tree dark generation.,5,2024-10-28
f955bfd9-9589-454f-822e-a3deefed3d7e,Bluetooth Speaker,33085,Business two rest similar police while indicate stop condition drug song know bring.,2,2025-01-11
1e2bb292-be45-4e5d-9090-3477a24be2a9,Wireless Earbuds,88654,Leave last dream letter then by hot wait mouth water.,4,2025-01-05
78cfa46c-629d-45cf-a485-ee2a6f928f80,Laptop Stand,17530,So group determine guess couple top support buy seven music of.,4,2024-07-12
a651c35b-36be-4a3f-b3bd-76f52c8c8d89,Fitness Tracker,42842,Ball exactly remain both actually back us born Democrat.,3,2024-12-15
3b41f383-012b-4dd7-9180-894f32c0a5cd,Bluetooth Speaker,22761,Skin local recognize company area news himself cut.,3,2025-01-19
8a4ce716-454d-4235-873f-a85426eefbf2,Laptop Stand,20279,House coach pass lawyer recent under thought.,2,2024-12-02
f5a5d398-edfc-4218-9528-eec88f957b4f,Fitness Tracker,20616,Bed first decade sit remember young eight soldier face hand paper sister just.,5,2024-12-08
77799908-8dda-4ac5-a72e-506163b99db8,Fitness Tracker,60284,Include check choose guy always effect left decade available prove pass main management.,2,2024-06-16
4784f36f-20eb-433f-af2d-ada2743538df,Bluetooth Speaker,17887,Subject blood goal important wonder miss let student long.,4,2025-03-04
5ab9c192-5165-4f1b-a0f4-63124d7c00b6,Bluetooth Speaker,47522,Ability artist paper night develop explain model company teach stuff.,5,2024-09-07
7e4fd2f0-1916-47ad-81a3-f911927d3d1c,Smart Watch,18186,Always back candidate short either mother help education data including.,2,2024-11-21
e5f5cb2a-9295-4c26-a1ea-5dbc843eb8e3,Fitness Tracker,73771,Truth child form Mr son huge million blue government.,3,2025-03-01
44617967-fad3-4f79-b2d4-8fedd05a5df2,Smart Watch,72097,Build environmental parent throughout reach really hear finish first public song.,4,2024-08-29
0b0bec04-ac4a-489f-bcdd-553d88020ea6,Bluetooth Speaker,69169,First civil hotel land but turn follow about film cost eat.,5,2024-07-20
fe081edc-4f53-4a86-9755-a7347a418f2a,Smart Watch,33797,State cell something painting guy move image.,3,2024-11-19
c75421b2-9ec4-456f-ab81-c52ab739d4e6,Laptop Stand,19725,Available technology name once name knowledge throw too west continue movie.,2,2024-09-19
29b15300-b53e-4b3b-8774-95d679e25cd1,Laptop Stand,88167,Answer sort response modern create laugh research data sense answer choose.,4,2024-11-26
573ecf03-136a-4652-8af8-7bc909382ce1,Smart Watch,42638,Write operation theory young range discuss hotel to candidate item.,3,2024-10-22
bc4e03b6-ed20-4a63-8a69-fb2f5d72ea45,Bluetooth Speaker,22205,Better western daughter travel moment mouth pull trade office environment anyone unit TV.,1,2024-09-12
7b7215c6-c9cf-4d9b-9e5e-a48435e2ba4c,Laptop Stand,87587,Bill bring series current appear camera magazine letter.,3,2025-01-10
048adb9c-84a2-47a8-b475-4c89d053612e,Smart Watch,22441,Myself report tell point professional likely.,5,2024-12-28
084b4b40-0f56-4f5d-ab41-4644f0ea5b71,Wireless Earbuds,67681,Health girl respond your center late what or.,5,2024-12-23
a9d049f9-575f-49f2-9a2f-50969a3e1eeb,Laptop Stand,76626,Name forget seem challenge black result anyone need result despite compare third.,1,2024-05-21
839c755a-c607-4a9d-9824-d168d2022a19,Laptop Stand,92003,Would decide including edge third group hear leader back enter particularly mean.,2,2024-05-25
295732ff-2c9b-4260-b3ba-0bcf53eb8df7,Wireless Earbuds,97872,Analysis give institution edge up husband American majority catch interview conference.,5,2024-10-17
84f08c6f-5cde-41f4-acaf-c36c64b35296,Laptop Stand,25358,Above hospital film laugh whether others page show mouth radio economic author field.,3,2024-10-22
b051c1c1-ffee-4ece-a46c-beb0db0b73ad,Wireless Earbuds,26867,Heavy kind since who real play.,2,2024-12-09
e49f0527-322b-4a2f-8ee6-d3a387758233,Fitness Tracker,40460,National from author none trip peace spring.,2,2024-11-15
516ce990-aada-4870-ab01-f14b73521083,Fitness Tracker,11944,Foot size gun agreement most possible stop board.,4,2024-09-18
4c73e0d1-dce0-4ca9-a81b-ab639f62148d,Smart Watch,75407,Suffer like say coach ahead between again teach week way describe positive.,3,2025-04-05
181cf17c-21da-46f9-914d-5cc3fd561eb5,Bluetooth Speaker,23169,My raise nothing theory report dinner either less name.,2,2025-04-21
cdfe1212-d190-468b-8941-f4fa027a49b4,Laptop Stand,92058,Specific ability quite discuss yard along do.,4,2024-11-28
904f3151-8b83-460b-8a03-bdff2b8328f0,Smart Watch,40994,Debate huge far customer around four fall fight key Democrat safe such.,1,2024-11-17
d914039b-592d-4c41-bd7f-29449b2d7638,Wireless Earbuds,40215,Million street carry go idea decade world factor yet.,3,2024-08-27
bb93406c-9c64-4a35-abfb-c2e48a7e681c,Fitness Tracker,43085,You speech event its role since.,5,2024-05-03
7d194894-841f-4668-afb5-c4dafb6b996e,Laptop Stand,96212,Wear development PM boy country effort or challenge significant.,2,2024-05-24
d3ea5dce-0f85-40b4-ac4d-d7960f98a96d,Wireless Earbuds,64496,Door decide level fire month after public government team data too.,4,2024-08-09
a081f81e-bd92-4d52-ad62-60516f28b2f4,Fitness Tracker,42872,Measure particularly never thing star with study budget own technology.,3,2024-10-04
9f93cf11-fdd4-49bf-8916-d4b72c690c41,Laptop Stand,71628,Necessary husband where group decide also Republican country peace.,3,2024-06-30
a20f66a7-6ab7-4c5e-a817-4fa32ae495de,Bluetooth Speaker,54692,Almost friend himself level develop grow commercial education remember sound news economy two.,3,2024-12-09
fb674143-1f2c-48c6-b95d-bc8b510439c7,Wireless Earbuds,95179,Join collection thing think condition marriage current source imagine financial future question.,1,2024-11-08
a0e6fde4-3140-49bd-9c62-85f9d3eb1c30,Wireless Earbuds,31021,Early attorney each sure not focus religious inside apply same course hear positive.,5,2024-08-06
dbfaa1a5-6f1c-45b7-84e6-6851fad5a4de,Smart Watch,96855,Become do my its night the.,3,2024-12-04
a8617509-71a9-4a31-88f9-e3b43e6b8d9d,Fitness Tracker,43068,Like gun hope charge apply century market popular with style road smile.,1,2025-02-24
8a3ffd9d-1331-4bb2-82cc-90f40fe36299,Bluetooth Speaker,44730,Piece than phone discussion trial raise personal board daughter clearly use.,4,2024-11-07
33e09443-9e6e-4eb0-a159-46abe8a880dd,Smart Watch,82630,Serious information throw national rise able nation military serious.,5,2024-12-08
6c5b97de-7e5d-4613-a0a2-c5cbf05b1806,Fitness Tracker,13637,Ok defense impact management ever sign woman service often chance.,3,2024-08-22
d9e17a27-01fb-445f-b044-6798e22fcb50,Bluetooth Speaker,68593,Bad pull prevent your science particular before.,4,2024-09-04
9e00d6bb-0b75-4c01-8a76-dc56e4809b62,Laptop Stand,44749,Too from trial mission behavior newspaper country ball future work opportunity yes movie can.,5,2025-01-26
c5d607b3-b98c-4172-8f47-fcdbf47a162c,Laptop Stand,55543,Guy they support very back ago.,5,2024-11-15
56d41f39-002c-4386-b6d4-1a2b18c03e45,Wireless Earbuds,50082,Billion deal responsibility early hundred south.,2,2025-03-07
87a7177b-7c51-401d-a9f1-a32f1cf9a60b,Laptop Stand,13534,Return executive miss along local skill stop.,3,2025-03-19
393152f8-c70b-4966-ad83-354759012f22,Smart Watch,53642,Ask result among trouble wear only only radio.,3,2024-10-28
2fd6d330-c754-47d4-8ef9-be580b74c0f1,Fitness Tracker,47213,Share common term recent music particularly road window anyone product.,1,2024-06-06
280360bc-186b-4c00-9e6a-5b3643e35117,Fitness Tracker,18011,Food sign rule night identify tax time store enough condition reduce.,1,2024-05-22
bab454bc-fa78-463c-91fc-72ae6a0dc832,Smart Watch,51902,Us network church worry deep among difficult future across only.,3,2025-01-28
013f20cc-9676-40a2-8896-bcaa219bc18a,Bluetooth Speaker,28970,Support for data late hundred unit loss recognize score east fact up television.,2,2025-01-18
4d9e2c42-f0b0-40b3-a400-b5311d04a360,Fitness Tracker,57346,Interesting save do see material we seven beautiful choice.,3,2024-09-19
13bd0a2a-b9c6-4996-9ec7-84648088f0be,Laptop Stand,22711,Oil red economic ten from PM tend ok free.,5,2024-12-13
a99c7893-2720-4ad1-a841-8fcd722db2a0,Laptop Stand,73697,Ever quickly yet chair scientist man dark history indeed member get kid central.,4,2025-04-19
3667b563-a0dd-45f3-880d-51fff8c3c169,Bluetooth Speaker,75578,Spring option property voice reality student take employee possible level.,3,2024-12-09
a4f48a28-3819-4b0b-89fa-7fec4de67343,Wireless Earbuds,79569,None charge true with other speak.,4,2025-02-28
9116d352-ec67-4dda-aebd-09f90db6739f,Smart Watch,93046,Mean herself work cold party star weight necessary threat.,4,2024-05-20
391b5275-3776-4883-b3df-3e4667a7c94c,Fitness Tracker,95795,Morning give person medical water doctor us feeling explain buy head ground foreign.,2,2024-11-08
e49486ac-e266-4e03-b602-371a8adeb80d,Bluetooth Speaker,68664,Thousand box prove future though role cell myself shake.,1,2025-01-08
d7865898-7f6b-4d3e-801a-013247889085,Smart Watch,17365,Might everything hotel behavior student PM bill issue one analysis now rule everybody.,4,2024-11-30
340e8bbe-54d6-413e-a27b-d7203ca6ac1e,Laptop Stand,40140,Believe treatment bag among risk certain difficult up.,4,2025-03-11
c8910b28-65b7-43b9-91a0-7ce6dc1afbcb,Laptop Stand,26051,Suffer us case now son goal energy each practice close.,2,2025-02-10
f838d69e-17a7-4ed6-8c64-59ecc1e168f8,Bluetooth Speaker,77580,Manager crime article meeting analysis week visit.,4,2024-10-22
a2381a41-6603-41ee-a867-8eb3f0cb98de,Wireless Earbuds,29400,Around score get wonder simply certainly top television sign dinner doctor beyond happy.,5,2025-01-09
f9202b03-f2f1-48aa-b6a6-3d68eae43ebf,Bluetooth Speaker,95715,Voice charge husband late mention man card you must television within board though.,1,2025-04-29
afc85f31-e591-4739-bb5b-98662720e0db,Bluetooth Speaker,16685,Perhaps account poor develop head realize detail if detail action treat scene my.,1,2024-10-25
41b79d4c-27ef-4a04-a92f-318b99a573d1,Smart Watch,66607,Start study list affect option American rate music receive rather shoulder.,1,2024-11-09
d0e91e90-513f-43a5-bb57-847c02244715,Bluetooth Speaker,88665,Another manage situation color accept even rich all.,1,2025-04-23
1fcdf449-fadf-41da-b1d9-c8dc0b82093d,Wireless Earbuds,26238,End school student color money various.,5,2024-07-21
7d83b1b3-60de-49dc-856c-bbb81bcb67ad,Bluetooth Speaker,64279,Natural since collection nor return inside than adult.,3,2024-07-03
a92528e6-c841-4323-8571-5d3551a0052b,Wireless Earbuds,10378,Store performance as way training from.,1,2024-05-05
80472fc3-9074-4f4a-9715-477dad1ddb09,Wireless Earbuds,41702,Stuff hear but provide policy health true project represent art too individual professional.,5,2024-10-25
869ff507-e308-4bf9-8b8f-ac1eb3aad1f7,Bluetooth Speaker,73608,Strong community through subject much official race room.,1,2025-03-10
28d17746-5cf9-4236-8304-d5899c38dc38,Fitness Tracker,22335,Exist sort little know foreign career free set candidate because old.,2,2024-06-24
5d903760-7959-4602-b5d8-78e896f6fde4,Wireless Earbuds,64648,Door reflect list their beyond red Congress election build throughout question.,1,2025-01-07
e5aebc7d-3d63-4d3b-be58-aeb2f9d48da3,Laptop Stand,35846,Management carry rise woman method figure director end.,4,2025-04-02
13ebcaba-790a-4cb7-ab9b-b5b1e422e4ee,Laptop Stand,57012,Hospital operation realize simple beat raise federal word in wish guess.,2,2024-09-26
17afbaed-e90e-428e-961c-052a085b31ec,Bluetooth Speaker,92764,Else guy until occur four may push.,4,2024-05-31
164a72ec-f57b-4fae-8a5d-a4d4755d8235,Smart Watch,55185,Despite capital others may glass break herself red choice election trouble instead bar.,3,2024-08-29
6254c4ab-2334-45b8-98b2-77b498f83681,Laptop Stand,38759,Well which item cup avoid skill star tend.,3,2024-06-17
9c9bbe04-a8ae-4eb4-81c4-dbc77ca43de2,Fitness Tracker,77664,The safe surface reduce turn Mr hear enough cell.,1,2025-03-21
f5f6b53f-2abc-4ed0-b2b7-ca7cd7a4e99b,Wireless Earbuds,98894,Commercial cost away player project deal agreement them matter who common similar above.,1,2024-08-10
cf8e4f1e-b41f-45b3-b164-7835ad1f6304,Fitness Tracker,23826,Service pass wrong high it mean draw that school particularly size.,1,2024-05-17
b02a28fe-500d-4f61-b374-3d65e5b1baa5,Bluetooth Speaker,71883,Make television and across sit kid second record set daughter.,1,2025-04-15
97b23ef0-4e95-48fd-8519-3df8b6c3b09d,Bluetooth Speaker,66562,Center spend notice size when bit radio wrong while quite pattern serious great.,3,2024-12-04
c1a9b78f-4bb6-4790-8b0e-b83df8cb3986,Bluetooth Speaker,67971,Phone study exist stage participant voice local language none effect charge information whether simple.,3,2024-07-04
e7d391c8-cc3b-4227-811e-ffccc0ad1355,Bluetooth Speaker,26963,Age site really behind watch go at them different follow simple.,5,2024-08-16
3428eb8a-c146-4141-a678-6e189d028caf,Smart Watch,58405,Trade politics prove best rest war rather for.,1,2025-01-17
f262b176-5882-43b1-abb7-084d7b812f97,Wireless Earbuds,56961,Turn indeed power half early later project continue wind.,4,2024-07-26
f5a607ec-1239-4ca0-bd01-2cbbc377fd2d,Fitness Tracker,52257,Remain condition sort strategy three theory page suddenly product.,4,2024-12-25
0276d4cf-e2ee-4be3-aa6a-9059b6e74e14,Bluetooth Speaker,43279,Behind green center pass call ok generation.,1,2024-06-03
49d76cdf-376f-4844-a1a1-89df508cdc6c,Wireless Earbuds,54341,Chair interview goal option a ground series you southern field environmental what.,2,2025-03-30
493be384-1e60-44c8-8f70-62893370719c,Wireless Earbuds,53795,Simply arrive car but man quality subject save Mr must bad contain.,4,2024-08-02
59b626d3-d64b-481a-92c7-5b009e944a08,Wireless Earbuds,22474,Day in sell red success reach official and mean hope meet.,5,2024-06-19
db1b19c1-6e21-4b97-afab-8cede0c7c0a5,Fitness Tracker,68667,Best win leg generation career individual.,2,2024-10-10
140e21d6-6560-4ce9-8b4b-60f7e348ee96,Bluetooth Speaker,53585,Glass despite lay professional you situation feel you decide smile.,5,2024-07-12
a3f016d6-57f3-472a-97c4-d113cafccb4f,Bluetooth Speaker,65069,Film speak cell without miss respond leave avoid six country tough term word.,3,2024-09-10
fc876c48-ef5f-4aa5-8f1e-ac9e2a19c692,Laptop Stand,29147,Heart possible court peace father about worker challenge religious environmental area president Mrs.,4,2024-10-13
5b5ef136-066a-41f8-ad99-badc30b256d8,Bluetooth Speaker,94726,Conference already like interesting where sing.,4,2025-01-14
88108535-729f-41b4-ba3f-c8e52eea1544,Wireless Earbuds,68945,Want information rather upon thank way population ahead.,1,2024-12-03
56b6a6cb-cc68-4c85-b985-4a61e799a62e,Wireless Earbuds,91079,Artist bed dark drop box newspaper under manager.,3,2024-12-23
d446e404-3b96-41c8-84a6-2cdb018955fd,Wireless Earbuds,34621,Writer anyone culture across still open body himself.,5,2024-11-05
d76fd93c-f4eb-4f64-a2a7-04c23ce942b9,Wireless Earbuds,88007,Month year do one system wear policy among reflect relationship ball nature industry.,2,2025-02-18
6f994191-ab36-4ead-9d04-dc650ecb47bf,Wireless Earbuds,38137,While season soon administration least nor fill senior data instead son door cup.,3,2024-06-13
e3edcceb-93a8-46c0-a53f-a98dd0a5e315,Laptop Stand,90283,Physical peace perhaps help expert its expert season debate work at institution.,2,2024-10-24
90125aad-77ed-49e8-a15a-277b27bf66d0,Laptop Stand,74544,Investment close when happy believe common watch since news education.,4,2024-12-09
32059087-c0e5-4a6d-a290-bd8bc5e0c6a6,Wireless Earbuds,53339,Understand wrong work make design boy doctor.,3,2024-09-18
eb291d7d-192b-4092-8127-4a4e6dc93721,Smart Watch,85891,Fish something open to thousand his nothing.,4,2024-06-16
de6cfa04-048a-44c3-8168-ab03e7be69c0,Laptop Stand,38214,Environment the visit certain fact manage they series.,3,2025-02-05
6236433c-86a3-4ff7-8a61-99812e70a953,Smart Watch,49102,Apply road pressure road citizen throughout in.,2,2024-06-09
bd3ad8de-4726-4fca-a096-b92c8df6e855,Wireless Earbuds,34941,Cover much without prove say on.,1,2024-05-20
b80914b5-3a21-4f00-96fd-298913838393,Wireless Earbuds,85876,Season throw realize community account common pay light particular official Mr today.,3,2025-03-08
317cf1a0-a328-4251-a999-0a677534b2c3,Laptop Stand,67933,Throughout but receive back interest poor.,3,2024-10-12
a0d6154c-41c5-42e7-b4b6-3e5b0ab6a641,Laptop Stand,68486,Prepare far change security dinner light management idea group matter left American.,1,2024-06-01
6da1c4ca-a680-4885-8964-3c132532f498,Wireless Earbuds,49673,Wrong exactly year forward score smile beyond.,4,2024-05-21
212ed34e-b86a-42bd-a063-f3e2c678be81,Smart Watch,29752,Late check process thank media result particularly.,4,2024-08-30
3cc3586d-f64c-4a4f-9dbd-2e19afe61469,Wireless Earbuds,55878,Money seem as read participant stage.,4,2024-05-12
845da7fd-39f2-46d2-8e31-e4876ecc608a,Laptop Stand,16753,Continue three box sit strong town analysis create site image listen medical.,1,2025-01-03
1bd668c5-10c2-4b1d-b8b1-c72dd9273fdd,Fitness Tracker,99810,Product hard image wonder lawyer if our difference government friend with month.,2,2024-06-12
aa03bd28-c026-46b8-aa8e-bb8dbf0bcb34,Smart Watch,38950,Impact than about civil need explain actually other.,1,2025-04-09
c9b2a312-6fcb-4fa4-b087-8dbc22fc4746,Smart Watch,95191,Own morning coach stop start something threat service next design enter.,5,2024-10-29
6767b2ff-2b93-45b7-8b8c-1d4a84d72724,Smart Watch,67946,Prepare receive road lawyer occur call ready clearly success.,5,2024-11-17
1602e9a5-4236-4d9a-aeb4-0bf93878caec,Laptop Stand,41552,Stand church learn force quality range live explain staff success.,1,2025-01-30
9efe4a63-fc09-4e0b-9aef-d95dd6dc1916,Laptop Stand,16393,Computer service action drop doctor Congress image set.,2,2024-08-11
ffa23ed6-2b36-474c-b1e2-2b8a09229f95,Bluetooth Speaker,58454,As dark us trip end them sing.,3,2024-10-12
8c8c4369-d61a-43b3-823c-c00d3c2b95ce,Bluetooth Speaker,20344,Blood better only understand hear world throughout here bill.,3,2025-01-14
52dbde0e-25be-4478-a75b-6975b4e99ccb,Smart Watch,96615,Explain off teacher son newspaper sort one deal final.,4,2025-03-07
86868d9c-903f-4263-998c-1629a5b39791,Smart Watch,25873,Prepare music option attention there everyone despite ahead.,1,2024-05-09
5a7bb555-50ef-4d34-9bac-774f286c1767,Bluetooth Speaker,56256,Card write accept direction house crime group.,1,2024-09-26
5ebd1383-aa19-430e-a271-944653a82efa,Smart Watch,30468,Society interest step leave center know whatever decision race.,3,2025-03-11
1cc52bb2-7591-4037-8b75-85044e9ff6cd,Smart Watch,72406,Strong kind later education standard begin key quite bit hotel feeling.,5,2024-08-14
9e6abd3e-af78-4592-98d5-228cc289ec69,Laptop Stand,69132,Just another federal and collection send.,2,2025-02-02
7d37cac2-2d0a-445f-b9ee-e0eadce878a2,Wireless Earbuds,46998,Group win energy visit suffer question citizen look.,2,2024-12-12
6dd5e5d2-f75e-4644-a913-edc28d87d024,Smart Watch,63069,Cause debate meeting figure animal home development notice history method.,4,2024-09-11
bc9c58fc-9377-490e-80e5-94dd5d945b9f,Fitness Tracker,65689,Present know crime pick despite serve change painting test soon base accept.,2,2024-08-31
6459f803-2423-4651-9d1a-f78b1f4b7f66,Bluetooth Speaker,79252,Morning research candidate town interesting generation.,2,2024-07-08
ed185965-aabe-47ef-9e90-a960488c9614,Bluetooth Speaker,57922,While upon environment billion medical who.,5,2024-12-28
590b4c1e-3790-4a73-b44c-15c744237683,Wireless Earbuds,16725,Market resource finally form their affect.,1,2024-09-13
900044d0-ec51-4f51-80ad-5ed2d6deaaa6,Bluetooth Speaker,88774,Age ability late product free money fear offer itself owner learn.,2,2025-02-08
8074377b-9a6f-4509-ad03-9ac4bc1e1845,Wireless Earbuds,91058,Whom tend performance evidence peace yet.,2,2024-08-13
0bf23f66-6c24-4613-8f44-618b2e40411a,Fitness Tracker,96786,Process east model five adult behind send reality feel board reduce people.,3,2025-02-05
94f7e9d1-f93c-425f-b5bc-95bf78e001dd,Laptop Stand,71805,Late child be find foot finally need.,4,2025-02-07
006076e1-1955-4893-a657-a02cab27958e,Wireless Earbuds,88497,Son interview including enjoy end consider wife situation bill yet mouth between single.,5,2024-08-31
d0b639a1-78dc-410b-aef9-797b0d1bee61,Wireless Earbuds,62742,Indicate baby exist every leave music job with fact difficult above toward project.,1,2025-03-05
32488a21-3d9d-4549-9faf-e1af58465b17,Smart Watch,35406,Operation left production current top any action city.,3,2024-12-27
e4f6e3f6-b6ee-497f-a53f-5f89403931b3,Fitness Tracker,92159,Ground close institution important response threat present look view result.,5,2024-09-16
3a7ab784-dfbc-4d10-bd04-58ad16eba348,Laptop Stand,17007,Break fact woman yes beat reveal how I into else never rich.,4,2024-07-08
99878deb-e9d6-409b-ac43-b6f83f5dd9d4,Fitness Tracker,56261,Director would itself usually someone test think able development.,3,2025-03-27
ef1c9574-c62c-42c5-9b16-59a1c60b8aa0,Wireless Earbuds,19319,Yeah anything maintain summer behavior my will sea.,4,2025-04-16
d4d40fd3-b5ca-44d3-bd30-1fdca74b17cd,Wireless Earbuds,31717,Specific however final benefit brother expect each star wish deep president anyone discover.,2,2025-02-17
4993f664-850d-403b-a709-985562fabeac,Laptop Stand,17810,Western third thing expect compare deal expert.,1,2024-09-29
dc28b27c-7baa-4f61-8f2a-ca33592848ed,Smart Watch,48558,Mean including cover live economy I including attention it decide.,5,2024-12-21
b2756bf1-c109-4931-9d83-512c17fe21d6,Fitness Tracker,98519,Movie task red black grow suddenly news.,1,2024-07-13
fdd90fd5-e083-42ad-95b7-4d3a2bd3a2d2,Smart Watch,54487,Not nor concern Congress work room production stand there notice measure life.,1,2025-04-04
236d1b4b-7ede-43fe-a3fa-c74b87a599e7,Fitness Tracker,94782,Vote message defense age special employee authority account per summer instead within.,1,2025-03-10
e84aa039-13fe-45d5-a332-e5d4ad57dfab,Fitness Tracker,39020,Citizen risk finish measure especially camera result partner plant same around writer.,1,2024-12-13
3a280669-cc43-4a50-8885-0f087de9c451,Wireless Earbuds,84724,Crime arm shake child experience something argue work senior try.,3,2024-08-26
76787b21-e55f-4dda-bd73-a8dac5f8012b,Bluetooth Speaker,44461,Over forget song account technology such serve system.,2,2025-02-24
8ee8eac4-0552-45cf-b6d7-0313479f3a28,Fitness Tracker,90269,Once question food new right break.,4,2024-10-20
a39fa0eb-4f06-49b8-b62b-a2f54d018e35,Fitness Tracker,89740,Section public nor successful seem community parent wrong.,3,2024-12-31
e921d882-42cb-41fd-b58a-bcbf81737384,Laptop Stand,71504,Him say owner focus risk just much important.,3,2025-04-14
84aed6af-1472-4de7-bc1f-cce5232bdb6b,Smart Watch,80600,Could you late claim five institution Mrs raise protect might never left out.,5,2024-07-01
5a12de89-88fa-4021-8182-909c9e83e068,Bluetooth Speaker,93827,Close environment suddenly open even also since add seek lay various these home.,4,2025-03-19
f7bdb5e1-7043-46f5-99c6-51ea39a416c3,Bluetooth Speaker,27620,Increase father coach television animal five serious relate away professor air.,4,2025-02-05
f8870fd3-b168-4ec2-9554-43a4d1124a3a,Fitness Tracker,79781,When tree red defense worker idea edge office positive situation member political behavior.,2,2025-01-24
3ba6507b-a097-4449-99a5-87677cea3306,Laptop Stand,99769,Serve drive bank each simply official remember program prove instead response determine language.,2,2024-06-24
2b960a13-346a-4654-9fb9-778b57abf436,Smart Watch,42840,Weight inside future along range then nor attorney TV.,5,2025-04-30
eb037236-5b2e-4d3d-9d13-78033e320ab7,Wireless Earbuds,99434,Even toward whose from might help series surface couple later before car.,1,2024-05-16
6bf776a0-2e8d-4e06-8966-3ecde2d69519,Fitness Tracker,88588,Believe art them challenge receive understand herself run specific medical.,4,2024-10-16
fbdca94f-7e03-4372-82d2-8892fd4a321a,Laptop Stand,12362,Can past season on mother son several whether several week pick both.,4,2025-01-21
7e8fa112-e654-4433-bd83-dbffd5a1c3d4,Smart Watch,55654,After ground us appear foreign call.,4,2024-06-02
b77372b8-8052-4f9f-9c0e-cd2b9f746794,Bluetooth Speaker,78515,Medical present book parent life memory government population.,2,2024-09-22
ecdedae2-7268-4250-b9e1-28c4276e9126,Bluetooth Speaker,48228,Resource glass billion word full amount address learn sing behavior.,5,2024-07-06
0d1500f3-d938-468d-8057-c20e5218eb49,Wireless Earbuds,14315,Magazine talk leave we similar energy myself everything hope.,3,2024-08-13
4f98d32f-e39b-4f90-aafb-f27aebe34b6a,Laptop Stand,79269,Level election carry other memory information gun trial experience.,1,2024-12-08
51d8febe-504f-4d03-83d2-4931380502e3,Fitness Tracker,19925,Season woman able everyone consumer top within turn pattern blood.,3,2024-07-19
071fe649-c53c-454d-8664-e2f2a8677d6b,Laptop Stand,73086,School section three series response yeah likely money sit.,2,2024-09-19
183ee6bc-49e8-484d-b26f-12df0597093c,Smart Watch,17501,Range artist prepare explain sure local front investment phone million military next whose.,5,2025-03-13
c75499cd-fa83-4ba3-bc07-30b1e4c176d5,Fitness Tracker,83123,Research loss general popular character cup involve.,2,2024-06-20
4bc756a0-bd35-4e87-9978-52c10297444a,Smart Watch,11019,Stand resource money total miss crime report simple.,4,2024-07-10
6ccdeafb-dc03-48e8-b017-e38bd4f0afdb,Smart Watch,15555,Concern design later successful address career.,5,2024-11-16
63661715-edc4-43b9-96b7-a89b240acd25,Wireless Earbuds,24900,Among improve stay trip keep training model relate seven bank.,4,2024-05-29
340b084a-07f4-4edf-9c0b-ab82a1c27a8d,Fitness Tracker,55013,Card beat majority group large sing scene another skin oil seek.,5,2024-05-08
f27ea7e3-f0bb-4cb0-a4ed-74e06930cd22,Fitness Tracker,95131,Social rock effort consumer provide part grow bank.,5,2025-04-16
3f4cac75-57ed-4e82-a306-a93b8087e0e6,Wireless Earbuds,41618,Population project relationship top often car miss perform write do couple trip responsibility.,3,2024-06-03
74b1a7f0-3004-45ea-8e86-7d909a11c57b,Laptop Stand,97675,Part type probably mention blue deal walk poor similar listen trade time candidate.,1,2024-11-28
a9f30340-d8d7-4b83-be51-efbf284479c9,Laptop Stand,40457,Law road may surface tell direction reflect.,4,2024-12-07
69e131de-9bf0-4fe0-ab95-eb2d61d10720,Laptop Stand,49228,Can last name affect media interview however detail later site listen product country.,2,2024-10-08
cf769f7f-eaab-4c7d-97c2-6059a5058f48,Fitness Tracker,35728,Could ready hand owner social degree material whom experience mouth.,3,2025-04-06
d976b25b-8634-4f59-99a5-b6cd9e9bef2d,Bluetooth Speaker,55686,Trouble director civil model size site statement strong.,3,2024-06-22
8c041e57-171f-4564-9ff3-3aa9d5a03680,Smart Watch,92043,Risk use same employee myself admit produce happy sense carry cover here.,3,2024-12-13
41c44879-eee5-4685-8851-39385cc307ad,Smart Watch,77772,Force view create us student actually magazine join population.,2,2024-07-02
854845a6-f250-42ec-a514-f06d5af3a2c5,Laptop Stand,48435,Any phone social service physical couple.,1,2024-08-02
655ab62d-a6b9-450c-afa1-4c0c87ac276a,Fitness Tracker,86161,Concern life reason oil official professional entire professor society.,3,2025-01-17
8d5a29b5-5075-4001-acf8-33df205b6921,Laptop Stand,11449,Scene may we election than military well director whole institution other recently.,3,2025-04-15
62286c89-0bbe-42a2-ae0b-6edb063ef548,Fitness Tracker,49124,Draw tonight such term challenge note couple performance.,3,2024-07-05
7d8bf8c5-025c-44dc-a9d5-496c02174279,Wireless Earbuds,81032,Place keep front recognize matter it value lot threat federal certainly after.,2,2024-08-10
4ac84cf6-d7da-4eca-b041-db5aea541d4b,Wireless Earbuds,92622,Site occur surface structure it agent.,3,2025-04-16
6ed4fdeb-de04-4a79-911e-9f70c955cd20,Smart Watch,12192,Reality author service quite usually garden home key sometimes ten age.,3,2024-09-12
28f31328-e172-4446-b595-c06b0206263d,Smart Watch,50768,Floor kitchen no simple cup note it.,5,2025-04-29
a807dadd-0478-4d9d-86eb-6e00ffee3b71,Fitness Tracker,54086,Week water much financial door present.,5,2025-04-22
b36c1c1e-12f8-488d-8d10-2be7a4beb24b,Smart Watch,20681,There seem everybody concern south admit international where low way.,5,2024-07-04
abf73150-ff49-4643-82d8-5120982dde1e,Laptop Stand,64248,Education benefit game attorney degree shake society experience left talk yeah oil.,1,2024-07-07
5bc2ec8d-f702-49f8-b71e-4c78ebbc2f39,Smart Watch,66359,Size six idea explain wish add different over anything space population want both.,5,2024-06-03
361953bc-8521-429c-b725-5eaa07424e27,Laptop Stand,95223,Not agency myself step whether administration run other help his work door action.,5,2024-09-27
db059528-2e40-4c6b-82d5-5263b243a995,Fitness Tracker,22156,Involve white test traditional some recognize give performance season rest many great strong.,3,2025-01-12
5dd71e7e-4fa3-498f-8a24-9477182f8d55,Fitness Tracker,74987,Development technology room year drive later easy feeling how organization politics.,5,2024-06-18
24fecf9f-c1c7-42a3-879d-2e59103fcfc0,Bluetooth Speaker,52152,Own win another culture about good degree.,2,2024-05-20
6392c318-b54a-4b4f-b217-7274155b8d4c,Bluetooth Speaker,67669,What traditional they next no technology happen boy fear.,5,2025-01-25
898bd4e1-d509-431d-910a-a5b4103120a7,Laptop Stand,89718,Agree measure stuff now animal need but explain particularly happy impact positive.,5,2025-02-25
d31d651d-1bab-43fd-b659-ddb0470b4822,Fitness Tracker,81382,Still thing upon single wide recognize season glass indicate edge.,5,2024-09-06
96ff00f1-8e22-44d2-a76c-731d007e78aa,Bluetooth Speaker,49227,Stage case color high forget explain son town really nature.,2,2024-05-11
cfa309d1-a3b3-49c5-929a-3364352174fb,Fitness Tracker,98292,Nothing son new again respond note manager direction place economic main firm.,1,2024-10-21
7bd69a34-3363-46e2-95a2-164ea25165ec,Smart Watch,78507,Decide course own these argue man race dog live story.,3,2025-03-10
b6bdea5a-45a7-4d1b-90b0-3f6c5884806a,Wireless Earbuds,99520,I ball five lay treatment plant if.,1,2025-02-09
c0384469-50a5-47ab-a24e-f47ab25f47ab,Laptop Stand,10096,Stay major other billion owner officer chance.,2,2025-04-07
9b7ad769-6f1d-4dd5-af85-1b5d254ed13a,Laptop Stand,99450,Indicate other natural former buy clear open wrong food well support.,1,2025-01-23
ee6eb133-99f5-4c78-a2af-a98e1d398354,Fitness Tracker,42104,Budget win fall raise movement face less whether industry woman trip minute.,4,2024-07-19
27772563-f1bc-4ba3-b476-f5b94212cb5c,Smart Watch,23224,North debate education industry decide good start leave explain sea politics.,2,2024-11-13
2708c7a2-1a67-4633-87af-5b0a71616e71,Bluetooth Speaker,51041,Need vote discover race will garden various federal town huge yard.,5,2024-09-27
7de4714e-dae2-419a-b3d1-7cd3193549f6,Bluetooth Speaker,51089,Beyond at base represent nature decide indicate artist yet two.,1,2024-05-02
6c832489-4584-4f7b-93af-cc1da6659030,Smart Watch,61009,Make per foreign arm eat war can fine main start cold morning.,4,2024-07-06
4e0361db-3dcf-4f31-ab1a-dfdcf580518e,Laptop Stand,64725,Sport hour write shake system but option analysis life race.,2,2025-03-23
3bcb8e2e-b507-452b-9c92-7a566790ac95,Bluetooth Speaker,84832,Throughout admit rule time window husband fight but.,1,2024-12-30
4af67a7e-58a9-4b81-b955-8e1cd0bf81bd,Wireless Earbuds,24548,Particular should I financial policy ball age lawyer carry individual since.,2,2025-03-07
0555a135-bc67-45a4-8e95-a37c819a6943,Fitness Tracker,69172,Billion arrive bank bag up building memory technology remain fact cold of figure.,1,2024-11-22
575e0acc-3d27-4066-a057-10be7af7c5a6,Bluetooth Speaker,87168,Particular admit describe my surface kind eye whose trade both fact American.,5,2024-05-01
bc0e7484-aec5-4320-aa8e-a227eab28e26,Laptop Stand,79166,Particularly Congress walk from animal difference make dinner bring beyond on detail.,5,2024-05-17
2a9a7709-cd2b-4b37-b02d-cb9474d9f869,Wireless Earbuds,40391,Road meeting father husband strong thought place involve pass might.,5,2024-08-02
ea5a487c-5fe8-4416-8bbb-13e960530c0c,Smart Watch,82559,Final down force decision plant suffer yes kind can morning letter cup manager.,3,2024-11-17
7654406c-efdc-4943-b69b-a44f8fd686a1,Fitness Tracker,70339,President hold prove laugh society meet mention mouth.,1,2025-03-31
a3df3366-dcaa-40e8-affa-557911610847,Fitness Tracker,39953,Begin time letter election investment air election best almost college collection window.,4,2025-02-23
4dbea160-939f-490f-b447-c03bf5e0eed6,Bluetooth Speaker,18443,Quickly culture from lead cup parent hope manage capital side red business.,2,2025-02-19
815bbf3e-9ebc-4b6b-8a9f-deca594bfc2f,Laptop Stand,24403,Never civil kid bring this throw or laugh develop.,2,2024-06-29
d747aae2-8851-41d1-b1c1-1b3f0231f529,Wireless Earbuds,23853,Much military share son there mean draw heart.,3,2024-11-24
6cad5e61-7501-46c7-8f26-bd30ef6dbdee,Laptop Stand,10491,Build view public financial state report sing yeah remain.,3,2024-12-20
5bcb2be5-1cff-4236-a7b7-e7a83f4a965f,Wireless Earbuds,48191,Structure example less whether certain drug.,3,2024-10-10
ac4f7bd5-8ed4-46dc-bbbf-23b1e6d02112,Wireless Earbuds,68243,Break power member network let agreement budget.,2,2025-03-23
ea1af9df-bf89-4659-ab74-f34f568b66eb,Fitness Tracker,28106,About young time job smile as enough sister.,5,2025-03-14
bc7d8aee-4834-4d76-ad17-2c1fa385e0bd,Smart Watch,56220,Indicate forget rest born finish senior deal usually risk father several.,2,2024-05-28
1a572888-a3bf-4e54-9070-6867b216c281,Wireless Earbuds,72098,Interview each industry any money color instead certain similar represent success treatment.,4,2024-09-15
180229c0-2399-41f2-b62c-94457756fcd0,Laptop Stand,13002,From bit recognize opportunity player outside worry change role decide.,1,2024-09-13
ae998100-dbf7-453f-9d2e-e33dbf4ca3ae,Laptop Stand,48456,Interest fast system difficult finally bad spend camera success value to drive tend.,4,2025-04-16
84db0e50-8778-4eeb-b747-99a69f0c95ab,Laptop Stand,37408,Modern require student here media his help call result.,2,2024-10-31
c2a7d911-c094-41bd-9525-dadd9f61ba09,Fitness Tracker,21169,Claim trial lead you just box source manager data notice.,2,2025-04-16
c5c6d425-1591-408d-9b43-a0d97426a59d,Bluetooth Speaker,39953,Action again sure support very tree sure so some.,1,2025-03-15
26855fae-ef2e-442d-b978-706f8d5aee53,Bluetooth Speaker,89172,Visit simple tonight day seek including off.,1,2025-03-24
626966a7-0b92-4d2e-9af2-9459d5668d17,Smart Watch,82741,Eye situation phone do compare thought.,4,2024-05-16
401d0ea1-3a06-4ba5-a546-248c07ec773d,Bluetooth Speaker,29912,Discussion century born employee community deal economic.,1,2025-02-18
55df1ff5-09f9-461c-9760-a02d7cc92d82,Laptop Stand,63588,Town artist month age actually end machine though against together long.,5,2024-06-26
6759d78a-230c-41fb-ae6b-0fbe6c1a0be8,Fitness Tracker,83889,Rule reflect morning near would from.,3,2024-08-12
6dd13a02-52f8-4977-b876-a1d0c3dc9844,Bluetooth Speaker,23492,Past every visit else recent probably within.,4,2025-04-08
7cb36b93-2f9a-4870-aa92-fe021aa92902,Wireless Earbuds,58829,By party girl imagine school quickly side carry.,5,2025-02-04
f9a209cc-41df-436d-ac98-661da5ec518e,Bluetooth Speaker,54396,Seek free million around must sure course increase decade cause write.,5,2025-04-21
6c4003d3-6c68-4ba7-b898-e0e2a14e8e0d,Bluetooth Speaker,69776,Rise kid kid ground hear west listen find.,2,2025-03-10
49d88b2e-3877-42d2-99ad-81da50f144be,Wireless Earbuds,56273,Whose interview investment operation why actually war they machine star wall heavy treat.,2,2024-09-28
dc5fdc92-e641-40b7-b711-53d13447421f,Wireless Earbuds,45329,Focus like ahead likely decision let argue staff type.,2,2024-06-07
09b87f0b-a789-44f4-a438-a35bfc460ad2,Fitness Tracker,92082,As someone measure begin including chance today east stock be realize.,1,2024-08-16
9cc95c61-8c00-4c76-83df-9d229799b3b0,Laptop Stand,92899,Economy successful admit evening risk large defense boy foreign page approach wife however.,2,2025-02-20
b5db9e3e-8574-4a0b-a552-4af524fea172,Laptop Stand,43535,Beautiful our method by law evidence art relationship cell price son through nice.,1,2025-01-27
2b529f7c-9f9f-46db-b7b6-8040a2c664a6,Wireless Earbuds,81475,Whole phone issue place everyone necessary use then order building.,1,2025-04-24
e5f6b217-c835-4e6a-b3b3-c9f16d8ce39f,Laptop Stand,10587,Machine ok president benefit certain night remember left scene.,2,2024-07-10
0102fcbe-fef3-469f-9815-51d4847ba5d6,Fitness Tracker,73049,Production do past program general adult know information future likely man item someone.,1,2024-06-28
0fbe1cbe-9226-4399-ae3d-abcd927c16a2,Bluetooth Speaker,15226,Field arrive happen defense garden doctor structure.,2,2024-06-21
fdbd229b-fe97-4a0a-a91a-9a24eb80e9fb,Fitness Tracker,95288,Fine they bill store ball share serious number firm rule exist energy talk.,1,2025-04-15
b1782561-cea0-4c85-a2dc-744539860c15,Fitness Tracker,43283,Gun relate claim the training minute special at.,5,2024-11-04
5ca924fa-0705-4dc3-b848-a78c9d664b22,Fitness Tracker,41160,Employee office issue message lot media fund wife also worker environment require practice travel.,4,2025-04-26
07b74f1f-a8e9-4e32-8b3c-6a55ef686067,Bluetooth Speaker,18644,Onto morning dog ever nation improve site sense.,3,2024-08-29
d874f191-ff16-49b4-a177-bbc3252f2e84,Fitness Tracker,50494,Card late situation amount design case.,5,2024-11-10
154f43c1-16c1-483c-9e34-ca6f890479b8,Smart Watch,33116,Point know understand test customer amount mission everybody hot of.,4,2024-09-04
75587c1b-ac4c-4883-bcad-198ae8523e97,Wireless Earbuds,45070,Foot since contain traditional although office argue tonight.,3,2024-10-06
f385f95c-d281-4f97-9a79-9d7f26d86ec2,Wireless Earbuds,30316,Animal page suffer tend role enter race almost stage.,2,2024-12-15
45b94d92-73d4-467c-9b8e-a38fd240ec0b,Fitness Tracker,85712,True job answer risk final people red product.,3,2024-05-03
031d6517-1504-4f03-93b8-7a62e76a7f6a,Laptop Stand,82104,These we which expect career authority remain serious system.,3,2024-11-20
a5cde819-2f1b-4a76-91b8-25f44fd52610,Smart Watch,76865,Cost up believe deal form another detail result design indeed begin executive home.,1,2025-03-29
5b211f5d-7d79-457d-963b-e55a07d0c847,Bluetooth Speaker,90046,My artist daughter part make much treatment statement economic.,1,2024-12-26
48cafac1-2c34-4052-81f8-fa36a169c735,Wireless Earbuds,33786,Morning whether agency read human pick.,1,2025-01-18
6015ff55-b4b4-4f09-aafd-d6f4b3a2ce12,Fitness Tracker,44287,Authority world source summer lawyer I western.,5,2025-03-18
d6cc474d-7829-4ef1-8c40-a641a5f8cca2,Bluetooth Speaker,81272,Property perform church if spring short product go.,3,2025-01-21
651162d2-8a4c-466f-8c7c-8ed02231aeac,Laptop Stand,41905,Although might across court site culture guess simple model travel.,2,2024-05-20
97396c3e-a1df-45b4-be99-a405ec9f192c,Fitness Tracker,36384,Power east fine thus moment traditional.,1,2024-08-20
457d098b-5ae0-4ede-9dbe-39d7ab9c1726,Laptop Stand,55988,Explain gas front model center public husband thing light sport behind.,4,2025-03-19
043ecd63-c429-4d7f-8467-10ef995fe356,Wireless Earbuds,47703,Third share item later attack real both land go.,3,2025-03-12
8383c7d4-19a2-422d-af81-d6f96cd91b38,Fitness Tracker,23948,Strong school room participant method stuff gun everybody.,5,2025-02-21
6c9c3239-4c6c-4cf0-8dfe-a3e050ee0024,Wireless Earbuds,81141,Tough occur learn film present clearly cultural bag.,2,2024-05-17
b3e492d4-c1c5-46c8-bc2d-dbb231dccc4c,Laptop Stand,65781,Center fight charge here pattern seven body yard adult dinner.,4,2025-02-22
5c5f99af-285a-4e7d-9046-bd949e9a7444,Fitness Tracker,86602,Central smile father opportunity again book identify off spend nothing each.,5,2024-08-06
71a486f3-0065-4cfb-a66b-0d086e42e12c,Laptop Stand,74273,Provide similar seat reflect population thank group though woman analysis teach quality according.,4,2024-06-29
7e1d9182-7f95-4f73-a2b0-ada0639b3569,Bluetooth Speaker,75156,Really make now open rise smile all according claim food method.,2,2024-05-19
feefcf3b-270f-4d5f-8cde-6fd632988686,Fitness Tracker,75701,Run reduce and final great next together those half respond federal far.,5,2025-02-24
2eacba1d-3d69-4f1f-add1-059943f42fe2,Smart Watch,51938,Ready simple least than beat agent right while defense discuss.,3,2024-12-20
36c13117-494e-48aa-a6ce-b19ab6dd63de,Smart Watch,88282,Threat door yet on event catch well similar report radio subject enter.,3,2025-03-16
34a367a0-bcf6-46ef-b043-547ebb7dfe44,Wireless Earbuds,84817,At describe thank account open show research clear show.,4,2024-10-27
c19ed640-934e-44a3-af4a-50d02b3100aa,Smart Watch,94659,Require without collection whole allow happy item.,1,2024-05-16
294c323b-18f4-47da-a4c5-6f3a8c40583b,Bluetooth Speaker,77210,Word stock may player newspaper take along finish enter adult.,1,2025-01-06
9a503e44-2dfe-4f5c-9542-31a279fbab67,Wireless Earbuds,27085,Important total call determine charge popular mother simple long kitchen class story return.,2,2024-06-17
a3459067-efed-410e-bde7-5f46bc76c0a3,Bluetooth Speaker,72448,From organization card month score page again officer.,3,2024-05-14
003e4f69-3138-486c-af90-a21ef6b011bf,Bluetooth Speaker,49257,Clear rate store career give relationship education risk well attack.,3,2024-09-22
00221326-7591-40d1-97f7-3743c4890070,Bluetooth Speaker,30390,Tell positive toward hotel lose form film fear.,2,2025-04-04
57f4c096-3379-41be-9696-04f9e0f4b120,Laptop Stand,27468,Technology always natural guess hear music development day level wind despite range.,5,2025-01-23
04584159-6124-4dff-b47a-e3f5af216d9d,Bluetooth Speaker,61842,Age front another fund Republican entire also again manager their.,3,2024-06-13
f98f690e-2b0e-4ede-8a6a-a860d6c49d8f,Laptop Stand,12887,Trouble writer set order true wide type unit run us require relate.,1,2025-03-16
93942221-e61d-44de-81a7-a076db77176b,Bluetooth Speaker,32612,Full determine recently word method behind or arrive lose reason.,5,2024-11-28
2316f0d3-939c-47ad-ba91-b8fcdf5c225b,Laptop Stand,67137,Kitchen quite box find ten attorney indicate century plant network deal.,1,2024-05-05
f4092442-f53e-4da2-90f5-53d07b7d17c1,Smart Watch,30541,Help central ago market talk few film.,5,2024-11-20
6fc7ab81-509b-4b3a-9571-1ce83375e001,Bluetooth Speaker,85723,Book until must develop media compare couple those perhaps.,4,2024-08-15
f96add6e-69ae-42e9-a353-080adca927d4,Wireless Earbuds,51788,List few cold dinner official this concern.,5,2024-08-10
54bb87c9-6728-48ad-a711-48f9bdf7c6ac,Bluetooth Speaker,72823,Mr civil sing forward scene fast dark.,5,2024-05-09
d0abc611-2065-4690-9b22-fb78a52e3ca0,Fitness Tracker,25957,Exactly campaign pick serve west them spend west.,1,2024-06-26
57ca65c9-b2a0-4dcf-a7d7-732cd88e7b6e,Fitness Tracker,56258,Wife baby accept power successful sing alone several reality fire.,2,2024-09-07
212869eb-4b20-48a4-9bb5-16daa4f2569d,Bluetooth Speaker,10602,Interview scientist address citizen impact point image young power recognize form other ever.,4,2024-10-14
b6f02d22-3408-455d-adc0-1e910b2003c9,Wireless Earbuds,63063,Accept everything seat last pick top do mention middle.,1,2025-05-01
80ae424f-7331-4c6c-a5f4-b912fafd47da,Laptop Stand,91838,Least mother pick town trial red.,5,2025-03-12
d6fd1112-c281-40f3-b8c8-415a0171cc0a,Wireless Earbuds,98037,Quickly involve player either she hear herself.,3,2024-11-28
da261325-20bb-4c74-8e4b-0540cf3ff200,Wireless Earbuds,78805,News newspaper allow between of indicate.,3,2024-06-17
9de352d9-f032-4710-b605-fb8b943d2aa5,Fitness Tracker,71559,Bar not help story continue ask.,3,2024-11-06
d5c3d8f7-7a9c-4943-99c8-6443621a4e89,Smart Watch,27926,Will put various clearly player computer end.,3,2024-11-06
75daa327-3a13-44a7-9740-d45172e6dd2c,Laptop Stand,14745,Bed record or radio dark lead whose share ready.,5,2025-04-14
89d38269-585c-483b-919d-accf567850b4,Wireless Earbuds,39864,Board beautiful around every yeah here throughout power recognize.,4,2025-03-12
d6b5f066-8728-4dfa-9f69-3acb1a95cb30,Fitness Tracker,48671,Cost process wonder also explain hit music since drive name just.,4,2024-07-03
0f72cbd9-7a96-40c4-97b6-e7b1c33c4afc,Fitness Tracker,89337,Power medical would article do attention.,2,2024-05-23
49414083-6480-4f1d-81f8-f7ae23a1218d,Wireless Earbuds,21100,Tonight must daughter leader response method stop skill table girl remain.,3,2025-03-01
993cf120-87d1-4079-b44e-2e19419608ac,Smart Watch,59349,Avoid get third raise market trip.,2,2024-11-02
4f0fa2e1-a0c7-421a-9845-2268c50a46bf,Bluetooth Speaker,88114,Probably attack price against few enough break leg probably.,1,2024-11-11
2500782b-8f54-4b00-8286-df3b75a79bf0,Bluetooth Speaker,40434,Agent simply region day road line hand would them color trip by score.,2,2024-05-30
524e4c7d-c586-4131-97c9-e17a73f5c2f0,Laptop Stand,78858,However charge end top through line onto hold kid.,3,2024-11-29
2be01e1f-0c19-43c5-a31f-0751ab2810a7,Fitness Tracker,21840,She eye help travel commercial admit throw son.,4,2025-02-08
bce01972-477a-4621-848f-65b6f78fab1f,Smart Watch,61524,Action company account receive level defense training recently west somebody.,3,2025-01-06
e1881b97-4ae0-47e6-8140-11cbcfbc2650,Wireless Earbuds,56438,Century speech she success over policy he six great rule them in.,3,2025-04-13
aa77b064-48d1-47da-8f20-b1e0514944f3,Laptop Stand,94093,Amount century space hospital training hand card responsibility interview cut mention.,4,2024-06-24
cda5b87d-abc9-4f06-9234-b0f4c3d17e53,Wireless Earbuds,92177,Wife western your interest response room so never.,3,2025-04-03
82a0cb6b-61bc-4928-b59a-045e47e27dc0,Wireless Earbuds,59629,Cold almost industry head system left light past.,2,2025-01-22
2834550e-c8f8-4ca5-92a7-640b3769c47b,Smart Watch,80616,Father certain cell nearly born agree especially road political.,1,2024-09-14
baf932f6-8b09-46a8-b738-53038444657b,Bluetooth Speaker,10444,Range heart type scientist through possible know in husband drive rock glass.,1,2024-09-27
ee4a65f9-9c99-407a-939a-a1ca02482f01,Laptop Stand,83630,Easy yes girl charge modern education quickly involve clear room drive.,1,2024-12-26
c50ac3d1-78ab-4abc-a67c-3448e91675d2,Smart Watch,88816,Whom check prepare region lead away conference sort billion everybody.,5,2025-02-21
d0e488a8-2777-4aaf-90d7-773d39b435e5,Wireless Earbuds,72608,Read that inside civil her check clear single according in receive relate.,1,2024-11-11
5e57cb23-71ae-4634-b880-02ce6fb2de1d,Fitness Tracker,99077,Whether so value public environment enjoy sometimes face your finally wonder college case.,2,2025-03-26
94bed219-34f8-474e-b740-2aa7cc29cbf2,Wireless Earbuds,97483,Agree career my relationship miss leader well wish chance benefit choice list majority.,3,2024-09-15
254bf8ff-80a6-4cfb-890e-e6b0cb6fc100,Laptop Stand,80058,Bit whatever mention reveal media car central focus choice most whatever carry model.,4,2025-02-14
7cb3a70c-f17c-4338-b9dd-4e8738490a3f,Fitness Tracker,54196,They board line show majority woman crime daughter open world million since everybody.,5,2024-08-15
55d298a3-82d3-41c4-9db3-f1fbb633964b,Laptop Stand,62211,Than could court recently note expert set.,2,2024-06-18
937dad97-df9a-4055-a9de-dadcce6d27f7,Wireless Earbuds,32971,Understand cup hour old trouble later in you protect kitchen protect.,3,2025-03-27
4a6fce2a-3d4b-48f0-839d-c502f913ea6c,Laptop Stand,97977,How figure measure truth contain few management arrive.,5,2025-03-13
90933867-6652-4896-a1f5-32346ca5b066,Laptop Stand,45625,Look technology fill my industry matter live never risk spring cold security above.,3,2024-11-26
dde711e4-79d8-46b9-aa98-e85a23ec81ec,Smart Watch,82617,Somebody within team station more campaign game nation.,1,2024-08-31
d6af52f3-623d-466d-a750-add92a2760cb,Bluetooth Speaker,79300,Day weight lay risk treat yard investment whom.,5,2024-08-02
0810aa11-4d5c-4ee5-bd3c-5c94f7f2ff87,Fitness Tracker,16458,Sense today return summer low system develop.,2,2024-10-31
eb8be979-2640-4a4d-be50-66513fe1760c,Fitness Tracker,83099,Member though effort campaign law artist peace series center life bill once tonight.,3,2024-06-08
15d1d249-ca6f-4627-a4c8-36311d2d589e,Fitness Tracker,69416,Guess fund character watch attention every quality series drive left must.,1,2024-07-08
8e863329-4ad1-4922-9fee-15ccba1441b7,Bluetooth Speaker,46438,Economic floor concern however your card decision leader trial talk guy ahead great.,5,2024-12-13
4ac2ee9e-ba8f-4943-a52d-6c83dedb7a18,Wireless Earbuds,56756,Respond stop worry simply size add age.,3,2024-09-17
6b219319-4c44-41d2-b880-70e6e7a4e8d7,Bluetooth Speaker,34736,Front risk floor child president mouth have.,4,2024-06-07
4eaa680a-4b3a-445a-ac97-614e162823d9,Laptop Stand,67904,Hour happen husband best picture ago have organization officer.,1,2024-08-22
23a8d2af-0fb6-4f6d-a30c-461de9e08bd9,Smart Watch,61038,Others consider reveal interview similar health my various another case near.,5,2024-12-14
1df3aca4-25dc-43d3-81f6-e7452cd963c6,Fitness Tracker,45614,Western success too prevent which Mrs decide.,2,2024-05-30
6d4a9cfc-fded-4237-a81f-99e6d99a092e,Smart Watch,86130,Body interesting certainly prove move since common beat both free likely seven.,2,2025-03-10
40fd614b-e658-45b2-9da9-0d4c170712f2,Laptop Stand,83077,Force tell church maintain minute up value sometimes apply audience minute unit.,4,2024-07-29
af43a044-4ddf-408c-a79c-5572f963f9e9,Fitness Tracker,71545,Consider eye couple fly wind town head red pressure to.,2,2024-06-08
e10a57f5-8245-4362-8c20-804d30dde137,Laptop Stand,26964,Ten know do to building voice sport television treatment price hard tonight shake.,3,2024-05-24
12edae67-d6d3-4b76-9fa6-ed0044dcbb57,Wireless Earbuds,16639,Customer figure statement need machine age image around add price finish.,1,2025-03-20
a81283be-6b8b-4a16-bfcd-2d6a22f2cbba,Wireless Earbuds,24930,Rest charge off then address democratic at.,5,2025-02-28
05fa70ee-0e69-42e6-b0b1-3fc39ea1b5aa,Smart Watch,17088,Marriage full firm statement now stage break box also sing.,2,2025-03-14
63b431b1-ba9d-46c3-8491-244f9fe2cd79,Bluetooth Speaker,71015,College market evening guess south every.,4,2025-04-30
765692eb-8ffd-41e6-bc28-b823463326c0,Fitness Tracker,45857,Really because present assume protect begin write later assume start.,5,2025-03-09
d4a9ac97-dcb6-4e97-b90b-036db5ed30f9,Bluetooth Speaker,81645,Soon under when imagine view whose end place color expect natural could statement.,1,2025-04-14
fc7a71a5-6ebf-42b0-a137-0b2840157e06,Laptop Stand,13816,Difficult high particularly make together result option around dark under think management change.,2,2025-04-27
80590447-e201-4f4f-abf5-a7bc8cf7e2a0,Wireless Earbuds,79008,Participant rest leg fish television represent although business.,2,2024-10-19
c3cbb32b-dbb7-472f-aace-8771e6e2a271,Laptop Stand,86264,Head create peace dinner year item news up military sea think resource.,3,2024-07-14
5ddc758d-ca52-4799-be66-96a48be4f285,Smart Watch,85690,Own upon ability stop west born senior arrive go at skin.,1,2025-02-26
3d873630-66be-43b8-9a2b-19290f0dfc42,Smart Watch,23779,Family man table quickly hair sell throughout all sing recognize provide woman clearly.,4,2024-06-27
f7afb37c-12e4-47af-872e-1199e6f6415b,Laptop Stand,16030,Follow join including fall sit ball civil this author cost should.,2,2025-04-18
ade2bbfa-961c-4074-96c8-b9274d6da546,Wireless Earbuds,72753,Everybody boy amount factor home charge only much note church.,2,2024-07-02
3f61d7a1-59f1-43e6-80da-a6d97db909c4,Fitness Tracker,58604,My exactly purpose too sense office medical evidence tend outside tell partner street.,5,2024-12-30
27c8dd8c-d509-4585-8a4b-8f1ec16779c3,Wireless Earbuds,90495,Better later then from once table approach station production even.,1,2024-09-23
09e6f1b8-79f2-4418-87a7-17106a67e248,Wireless Earbuds,24060,Third serve decade majority benefit group age decide office.,4,2024-06-28
790cf0e4-5a9f-4cfe-aa06-48e9e8c8aef0,Laptop Stand,59180,Defense five whose apply become too guy source amount way which will.,3,2024-05-30
5f0a3150-bf06-4519-b1bd-84ca5ca61c8e,Smart Watch,46798,Measure key rate learn worry enter artist up.,3,2024-08-25
eaf5d1c5-811b-4a31-8508-2a974d89f2bf,Bluetooth Speaker,24093,Police most allow answer read power live rest owner near.,1,2025-03-27
6c1607f8-4d4c-4152-b41f-b5763f4eaba9,Smart Watch,93844,Bring others a first feel small.,1,2024-10-03
04e1ca73-3a8e-4b20-9456-ec62f6d7c1a8,Laptop Stand,87400,Staff hope product these best idea surface feeling against or old.,5,2025-04-18
d5f7b774-ca1d-4e95-8ed8-8b7d93c82f44,Bluetooth Speaker,56171,Relationship fine walk especially season I through bill.,1,2024-06-18
bf36ba2c-74a0-4bc2-bace-08b4a408411f,Fitness Tracker,32544,Meeting argue across soldier discover century glass affect second.,5,2024-06-17
ac8e3ab0-eb83-474d-9f75-af1682c34264,Fitness Tracker,28930,Out speech role goal city sit mouth strong listen big.,5,2025-03-12
50865adb-3dc9-4b66-bb60-0059b4c4cfab,Smart Watch,58740,Benefit certain discussion probably office down me also economic executive soon away report.,2,2024-12-19
df90b5a6-834d-42d3-8c2d-5ea31adb2b27,Fitness Tracker,13768,Those particular report talk lot special during still analysis.,4,2024-05-18
63a920cb-ae6b-43df-ba0a-5f36fc70ccc9,Laptop Stand,73004,Social unit performance read card once serve cup grow end.,1,2024-06-20
8c5b4f79-feec-4d27-95c3-c6ac32328e76,Wireless Earbuds,83409,Contain it town part avoid federal carry.,3,2024-05-18
a7fcfd69-5211-42c9-97c1-8243884bb53f,Fitness Tracker,84977,Student fine easy build gas lawyer dream arm capital body until.,2,2025-01-13
2d4dfcab-5233-4c3b-91b5-2d94aa4bb546,Laptop Stand,84281,Himself course expect remember majority majority factor north step than.,3,2024-08-08
a2cbe97b-9d33-4d14-8f8f-8a621889a288,Smart Watch,92357,Big draw finally life three fall woman.,3,2024-06-13
1630479d-2644-45df-bdd5-f9639f103c9d,Bluetooth Speaker,30136,Area be everyone model open guess.,1,2024-08-07
f138f75c-6da7-47f8-824c-1ec1e50cf2f6,Fitness Tracker,31843,War idea society road animal mouth reason consider bar trade able too successful.,2,2025-01-26
cfe0eaa4-db2a-43b8-9625-cc0f7c50527a,Smart Watch,64783,Eat close recent see hair rich special few choice radio party hospital.,2,2024-06-27
3c43d38f-ec69-4709-b8ab-912167e3d816,Laptop Stand,47309,Student school whatever young end might ground national.,4,2025-02-06
34485d82-d713-4903-a58c-f86e0f07e39b,Smart Watch,56129,Image accept computer after local traditional decide art tax.,4,2024-11-23
ae433e7f-c960-44f2-879d-52a815ef363c,Wireless Earbuds,32384,Expect stand score top hope action office training reality include born too.,4,2024-06-01
cc3d26ff-0500-4e80-b120-cfec17987871,Laptop Stand,91946,Policy well whose whose natural seven boy same church.,1,2025-01-27
43cb45aa-5bcd-47f7-9ec0-27a166d9a89a,Wireless Earbuds,40961,Radio special up hear out create within girl character.,2,2025-03-26
dfa57969-60d3-4f4f-9986-be4187803eb0,Wireless Earbuds,64754,Thing size catch national cover something team every once.,1,2024-12-16
0a21d08d-46b2-45c1-8192-5643030057ef,Smart Watch,47984,Color book prevent trip throughout pass professor camera.,5,2025-01-25
78754581-ef5a-4576-8ba2-f95e97ecf4f6,Fitness Tracker,17360,Degree suffer person trade fine its four join start during bed animal majority.,4,2024-08-29
57773238-a273-418f-bebc-691385bd3582,Laptop Stand,46630,Finally number discuss see service talk realize almost bill billion design let.,2,2024-05-16
256dc1c3-9503-450f-8116-11c21037257b,Fitness Tracker,41625,Southern blue summer edge data live letter then national black fight stop.,4,2024-06-15
09b1cec0-7a65-405f-b7de-cbd7623030f9,Bluetooth Speaker,65129,Machine as guess lose official relate hair.,4,2024-11-10
ca4689fa-fd01-4c53-8443-2d35237abbe8,Fitness Tracker,57335,Write reality modern need security impact apply positive concern.,4,2024-08-23
15b432c6-aa42-4f83-9068-15731de34620,Fitness Tracker,41348,Eight month movie leg medical individual heavy Mrs lay.,3,2025-01-08
ebbd8895-b6bc-4555-8d87-ae5384563d84,Bluetooth Speaker,36236,Practice part list near develop together.,5,2025-03-26
216df85f-bf6e-446a-bf30-592e8e3ac0dc,Smart Watch,89791,Laugh four cost clearly dinner dark.,5,2025-02-21
28f5bf88-11d6-4a3f-bec8-cd35988a02b9,Wireless Earbuds,52090,Each such financial popular tonight explain example onto then.,4,2025-01-28
97f01c9c-37e0-4af9-889c-0ce437d831ff,Laptop Stand,46844,Side often I bad agree election store organization boy.,5,2025-01-12
9321aa3f-7d62-4db1-9a6e-4dbcfadee7f1,Fitness Tracker,54289,Pick arrive interview property cut attention character.,3,2024-05-04
7ecebf93-0947-4d0b-9d38-ddf087794cac,Bluetooth Speaker,20880,Hit performance positive authority leave often to seem visit film.,3,2025-02-17
d2a6fd31-5e9d-47fb-abc1-99fe3b3cdd44,Wireless Earbuds,56850,Sense rise door buy work shoulder able.,1,2024-05-08
42386710-9340-4984-a1b8-6338fec98e3e,Wireless Earbuds,86730,Space chair above score meeting perform lot company.,3,2024-12-04
9dee1cf9-be99-48df-b10a-af92f91afe0a,Smart Watch,16757,Nice notice main everyone detail man quality country home line kid call.,3,2025-02-05
f715d6db-153b-482d-b93f-3822fcef7ea1,Wireless Earbuds,49216,Around within important want behavior second admit admit production star significant.,3,2025-02-26
6f572ab7-dbfc-4116-b6b2-549d474d89bd,Bluetooth Speaker,76344,Ground painting lawyer stay lay man chance material.,4,2024-11-10
cb8294bc-6e5c-41d2-979f-d40b92fbe98f,Laptop Stand,86044,Loss gas north continue agreement score recently do source choice where year.,3,2024-07-18
a5d11bf1-e8b3-4054-b2c6-82454ac7c9ff,Laptop Stand,11495,Site wall trip office exactly economic plan outside event wish organization arrive.,5,2025-04-14
57753eab-215d-42f1-af07-38b274f450e7,Bluetooth Speaker,25457,Food someone model treat break should off increase middle save cultural deep participant.,2,2024-12-24
0007c237-662a-4ae2-96a6-c96669bf42f6,Smart Watch,69843,Worker senior lawyer family peace society stuff move hour.,2,2024-10-07
43961e78-7656-4c89-afe1-498a91e7e550,Fitness Tracker,52220,On ability for only perform various security rest item Mr.,2,2024-12-22
6881199a-3347-4993-9154-22078bcf395b,Fitness Tracker,54156,Upon occur population walk interest clearly sing offer voice Democrat career live case.,1,2024-08-13
73c123cc-986a-408d-ae89-b65cdf9306ea,Smart Watch,33828,Help security development glass avoid watch.,5,2025-04-03
41ba17da-9888-4232-8e53-f0d98f9e8054,Wireless Earbuds,91523,Smile building Mrs play field available become.,2,2025-02-20
44eb5548-c479-4202-b948-ae97fb1034e9,Fitness Tracker,76772,Join enough reason debate role receive fact network research can medical election.,1,2024-06-01
5b880689-e050-4edb-be91-0de8d615a796,Fitness Tracker,35962,Between response understand pattern degree few either possible soldier.,1,2024-12-09
ac749258-9d5c-4abe-a204-8e93e2401374,Wireless Earbuds,19975,Street walk scientist six which story sure window grow thus sea television.,2,2024-07-31
45e51128-33d7-4fd6-aa4b-4f897d37959e,Bluetooth Speaker,23680,Figure left couple thing wrong win wonder individual pay education by treat.,4,2024-05-21
37d96c75-ff60-4add-887f-061483ed3710,Fitness Tracker,14128,Voice cup on wait organization lawyer language husband recognize right husband assume pressure.,5,2025-02-06
a02f8be4-c7e8-4147-9668-95c5f34c917c,Bluetooth Speaker,34859,Order international itself energy behavior more game music design walk describe painting reason.,1,2024-11-01
4e4a1fe4-be55-44ed-9287-36aa0f697807,Smart Watch,21960,Vote worker course discover talk level state audience.,5,2024-10-23
7b5f129e-fe32-4683-9dfc-5d342e856a65,Bluetooth Speaker,94124,Challenge protect perhaps follow where bring hour usually from again police finally.,5,2024-12-18
56b12f61-2001-4a6d-8066-567ca3a99ea7,Bluetooth Speaker,87056,Focus tough tree piece born edge later hair term fish.,1,2024-05-21
3d4ecfa5-3112-4f77-9230-4185207d24ed,Wireless Earbuds,97369,Religious understand especially office go official school production finish.,3,2024-06-05
69ac7d9f-8ca4-472c-a379-8cfe868ee98a,Laptop Stand,21789,Establish beyond peace pay great attention us.,4,2024-06-11
b8cfa745-52ff-43d7-9ca5-af19ed3fc964,Smart Watch,92037,Senior manage article town cost poor what trip crime rock.,2,2024-12-24
bfb2133f-f0c4-4447-ad36-b425c51664f5,Fitness Tracker,25415,Million them others leader participant kitchen before bill factor say gas trouble.,2,2024-11-05
38614303-8642-4aeb-966f-255a73288801,Laptop Stand,21161,See follow play red glass model cultural hand bad.,4,2024-07-22
ea4e94d4-8d18-4693-a0d7-faad6bd812fb,Laptop Stand,40567,Half stop final behavior ground seek that.,1,2024-12-17
c1e999d3-2ad8-4753-b9a8-a82b8362c045,Bluetooth Speaker,64072,Possible guess might wonder project least age back staff price.,3,2024-09-25
eb494c10-08be-4e78-9288-5c57048d4909,Wireless Earbuds,10615,Bill change someone quality end trial couple cup nothing either skill least.,4,2025-01-30
8783a154-0e25-4265-828c-d35eedc3dc0d,Wireless Earbuds,29121,Join certainly society more kitchen good compare.,2,2025-03-25
aab225d8-3166-4674-a6ec-63a5cbbafab4,Bluetooth Speaker,42976,Its field member pass good economic the while local keep.,5,2024-11-08
8c7913cc-c50b-4d94-bfa4-2ba3eb14ab46,Bluetooth Speaker,74487,Miss what keep represent identify morning teach whatever.,2,2025-02-26
f072d28b-b9d1-499e-88a6-23fc2f76b412,Smart Watch,73197,Make sell usually region light defense.,5,2024-10-24
aa650804-30c8-4a68-b23a-7fea53c5146d,Laptop Stand,44254,Last government sport student travel degree any central mouth know.,2,2024-05-10
0548831d-c0c3-4765-a876-4373cb274968,Fitness Tracker,22770,Writer avoid event culture one statement you media interview scene reality without out.,5,2025-03-26
eca5f65b-f289-482a-930b-19225e336cdf,Smart Watch,88369,Will hand strategy itself couple study defense behind know husband.,4,2025-01-25
60a2670a-8c4c-4e7b-8686-d8a9a20f7ac0,Fitness Tracker,64324,Truth relate commercial three student record cut recently.,5,2024-06-03
166c2ad7-42c2-410e-bb5e-38153cfeb6cd,Smart Watch,55870,Become well resource man general report enjoy might on.,2,2024-07-25
21e109f6-d12a-4048-aaca-1e4f9fba6b3c,Fitness Tracker,22297,Difficult may remain law collection car cold father cold father individual office against.,5,2024-08-16
1398b558-ac18-4593-99bc-9a54e80b5130,Fitness Tracker,39613,Dream color home amount reduce bring fall success.,1,2024-08-30
5f0b5269-a9ed-4f9c-a240-81839e2e58f0,Bluetooth Speaker,88601,There through house take sit local.,3,2024-12-23
f4826153-4059-473b-ab4b-d566330e497c,Bluetooth Speaker,89967,Win spend eight next I space role south.,1,2024-09-30
710512f1-52c0-4bd7-9583-9009bd69d0cf,Laptop Stand,57010,Low head room and imagine dinner prepare skin bar choose agree example.,2,2024-09-21
53a238be-72f8-4904-af17-c5af70eec6a8,Laptop Stand,92868,Vote able space use section pay well ever participant common specific.,2,2024-12-28
0e2a7ca1-1619-4931-ab72-5e905513f674,Laptop Stand,60255,Lead authority weight science and share knowledge contain.,1,2024-07-11
1ccee74a-6094-4302-9dcd-5f4544d0a0a4,Wireless Earbuds,62309,Check ago hard buy full down.,2,2024-12-29
521a2ad4-88fc-434e-ad0d-7a3a29ca040a,Fitness Tracker,74289,Fire avoid soon decade consumer seven outside exist standard born nature themselves food.,3,2025-02-03
6eccc833-9361-4905-9400-7c010ac6f802,Fitness Tracker,67445,Cell medical near successful force decision at skin add off hit list.,5,2024-07-30
b58ecc93-22d1-4a0c-811c-ef95f817bfcf,Wireless Earbuds,83603,Against message never either defense figure charge mean camera.,4,2024-12-30
ac2965ae-6128-4f52-9d28-e6634c7a2ae0,Laptop Stand,78497,Role street actually the stay benefit change develop within mean less letter.,5,2024-08-24
1df6b3c9-e093-4aca-a7ac-9615eb90850e,Smart Watch,56489,Half say kid account picture meet.,3,2024-09-15
b3417fdb-0744-4508-b8f8-f1b5b56de295,Fitness Tracker,13792,Decision too commercial Mrs society teacher other six structure example opportunity economic.,5,2024-06-19
2ccf82b3-5459-4833-96e2-aa8de8d08021,Bluetooth Speaker,33179,Either guy yourself lot information including sound system relationship do company.,3,2024-08-21
5b34df30-cbf5-4e52-a993-2c8a00cb9908,Laptop Stand,26503,Money spring fear order now parent including interview six owner.,2,2024-12-20
c8beacf6-86ef-477e-ba45-996154e50fe9,Laptop Stand,79609,Religious charge democratic approach fast already star my hospital half them agent those.,5,2024-08-22
b6724f30-6306-46be-9cc4-79cb214e8d59,Bluetooth Speaker,20342,During past hour office father industry make might.,2,2025-01-25
41a54eb0-3b93-49e3-931c-623664100de3,Wireless Earbuds,51104,Condition experience true model develop trade.,3,2025-01-15
23491710-cee6-43fe-ab59-c2454aca8a61,Wireless Earbuds,64821,Cell easy program best if morning participant well.,3,2025-04-17
cc96827c-4adc-4e36-8859-1ad4d5eaa3f2,Laptop Stand,28283,Hundred ahead specific if imagine once attention doctor.,1,2024-09-17
f3be1bdd-60d1-4d0b-9df0-cfce7a10d520,Fitness Tracker,44301,Material bar law listen stop stand role call strong.,1,2024-06-08
c7398a3c-340b-492e-b6e9-f445af66aebc,Laptop Stand,36148,West development evidence happy body after history role positive require build.,1,2025-04-14
f31ff650-8888-465b-8869-770e33a2ca85,Fitness Tracker,55162,Will subject commercial give spend he still focus boy find enough make rate.,5,2025-03-18
423fb0a7-d954-44db-976a-20d263a8c230,Wireless Earbuds,65651,Attention stay floor use although behavior front onto thank.,3,2025-03-25
68498be6-d13e-47d9-ae97-021455ff19e4,Fitness Tracker,68836,Year edge story table base bring participant source rate bill eat note way.,3,2024-10-13
12d7a322-cc6f-4613-a644-7e3604de49b4,Smart Watch,21868,Summer area no far today risk become consider TV enter.,2,2024-08-12
a790f540-0ff1-4d70-8758-985699dfd279,Smart Watch,28041,War us cost material know get onto customer machine money bed contain century.,4,2024-11-21
9fd50df4-f1de-4af1-b8c2-c25893d101eb,Bluetooth Speaker,12663,Sister wish group dog either rate floor shake particular book method war.,2,2024-07-29
9c11a0c1-7f9a-4064-ad1d-49f8fe657023,Smart Watch,37885,Other table girl glass say road social financial indeed test model.,1,2025-04-18
62d531af-62b4-49e3-94f4-918cab230bce,Laptop Stand,90504,Anything woman seem old surface knowledge so across since.,1,2024-10-09
41a6c565-3744-474f-b496-ed4f58ba39e1,Laptop Stand,78018,Central sport until table some partner fill small enjoy call.,4,2025-02-01
6243462d-9969-4a8b-8afa-3e17e1c2b378,Wireless Earbuds,72394,Test she goal property guy employee north theory option card.,3,2025-02-04
8fa407a9-f6c9-45cb-8e5d-e5090abcfda9,Bluetooth Speaker,37778,Fly wind majority hospital suffer after.,1,2025-02-10
688a37d5-7b8f-4b71-8a06-4658fdf2d152,Smart Watch,55955,Type discuss word shoulder add sell assume population radio surface.,2,2024-10-28
1dea0645-6944-4bba-8c60-0a37a4a398f6,Wireless Earbuds,99973,Quality main dark hand beautiful at TV country north own however.,3,2025-01-17
3d8c9b42-027f-4c31-b7ea-eecae244e556,Fitness Tracker,88396,Performance building leader a vote PM into discover activity.,5,2024-07-27
02c7327c-4f3c-419d-b4b1-64e19dbfd60b,Bluetooth Speaker,51061,Write help source what here cultural.,1,2024-10-01
8b4223df-3827-40fc-9353-e375f5984cbb,Fitness Tracker,30287,Remain occur study sort whose different.,4,2024-06-10
079d50d1-bae0-49fc-ae06-2b6e1f373283,Fitness Tracker,96467,Weight child important above author message they reason.,2,2025-04-21
59cbe0e3-993a-4cb0-bbc2-6db3245c78d3,Fitness Tracker,15004,Technology today training try he price.,2,2025-02-04
cb2d009c-eadf-4bd1-a194-bc8f4742b207,Bluetooth Speaker,38213,Discussion myself letter art even rock and.,1,2024-12-09
68e237ec-4b65-4db4-87b5-dfbd9550eb1f,Laptop Stand,44908,Themselves civil police Mr buy likely quickly law simple ability western report theory.,3,2024-08-25
3a1d311a-2c19-430a-b851-4c8b8865cbc8,Bluetooth Speaker,82579,Certain her pay bag agent positive between poor major.,1,2024-06-09
79954f02-3505-4103-ae08-f3c337a5a950,Fitness Tracker,36287,Dog civil follow sure walk keep although young since.,4,2024-09-22
c4c297d2-2b60-47b4-9a5a-fab2aad336a7,Wireless Earbuds,37165,Factor order consumer police western sport officer son beat dog sort then sometimes.,2,2024-08-18
29bca051-377d-40d2-afe1-a9044d0800df,Bluetooth Speaker,87922,Try perform myself source sure news culture treat they serve.,5,2025-01-20
3ee24ca2-1ae8-4260-becb-08b43a5fddd0,Wireless Earbuds,70504,Fish hospital free it three glass occur evening indicate represent research despite deep.,1,2025-04-22
50a42871-8418-4f53-b953-f2f05dfb94ae,Bluetooth Speaker,98699,Special various concern stop guess sit information edge.,3,2024-07-20
5442f47b-b07b-402d-81e1-a7f2e43ad227,Fitness Tracker,15277,Air it manage bad cultural cell play rise.,2,2024-11-10
196be468-57b2-4292-b07f-af38133d6bc3,Bluetooth Speaker,92083,Very big business growth participant class push power start.,1,2025-04-12
858d354c-3f45-400c-85be-c195b04c40eb,Bluetooth Speaker,58716,Become teach question bad team reality resource executive require section government with large.,1,2024-12-31
15195104-f87c-418f-b85a-e1ab7e29014c,Wireless Earbuds,27556,Enough also star care toward case artist opportunity test.,3,2025-02-25
81f0f57f-6885-4eb0-a161-185375d7ee13,Fitness Tracker,10899,Oil foreign sing any write great environment American suffer.,1,2025-04-06
07164998-43c9-408d-9431-1c8609291b71,Wireless Earbuds,76246,Support food guy perhaps Mrs might recognize protect break beautiful local left page.,3,2025-02-22
3d5193b9-4938-4afb-8814-a9d4eaafcc0e,Wireless Earbuds,26294,Because practice bar small sister city hundred view office.,4,2024-06-15
6e6da5e9-6265-4234-9f37-829bc27d20be,Wireless Earbuds,84417,Bar evidence chair present term their person blood again.,1,2024-10-27
0e64ad72-291e-4e19-9ebd-d0ae094bb35a,Wireless Earbuds,31451,Break of certain student whom everything wife responsibility rest.,4,2025-04-13
61fb3a34-1f67-4a05-a541-f985e755af01,Wireless Earbuds,14669,Charge bit particular country assume international represent production personal.,2,2024-11-12
c1deef25-09f3-4372-9397-e01912904f62,Wireless Earbuds,78053,List its season exactly quickly citizen against general.,3,2024-10-28
afa9e66f-67f6-4fd9-959c-f5ec88cc6c37,Fitness Tracker,92089,Gas peace enjoy trade pattern feeling.,5,2024-07-21
c25490d7-4af1-4cff-b2c7-34c4ce83d713,Smart Watch,88290,Bank draw base side agency this girl action his machine.,3,2024-08-14
a34f7d63-5903-4f95-824c-955dc8712235,Fitness Tracker,86421,Water thing specific marriage than name.,3,2025-04-05
3294f005-2fc7-4b88-82e0-fc7fddccbe94,Bluetooth Speaker,57111,Remain local list far give simple themselves board.,3,2025-01-03
26d5f287-ae38-4ed0-bcb8-b6a18513d90f,Fitness Tracker,94214,Perhaps talk population green here visit position we.,5,2025-01-19
c3fe03cd-facd-48bc-9b33-d78e84502028,Bluetooth Speaker,13251,Billion wait chance however help seven south drug.,5,2024-09-05
ee7ccf55-d69d-4aef-95e7-9053d73184fa,Bluetooth Speaker,35079,Director pretty stuff notice tend own deal dark.,3,2024-11-26
0ceaf062-1dc4-4266-812b-6a895293c44a,Wireless Earbuds,12537,Suddenly body often president down protect station field plan what why reason.,5,2025-04-21
af83af02-aeed-4f20-b6e2-2fec5a9b0112,Smart Watch,56764,Amount responsibility start attorney marriage wear likely book her.,3,2024-11-12
09255a46-393a-4e2d-bf36-d57ed7f24555,Bluetooth Speaker,50758,Do way explain book pick trade them hear.,2,2024-10-13
26a1c37a-db8a-4e74-8bd4-1f63bd6dfd6b,Laptop Stand,53010,Draw medical goal work field idea vote care really.,5,2024-09-03
1d3083d2-fcff-40d7-8228-178823b5ec71,Bluetooth Speaker,69522,Research clearly whether music hold husband man left heavy billion film speak.,2,2024-09-10
e1b582ca-e9ca-436a-ab61-7b5f86b1dc6a,Laptop Stand,82695,Room rather area marriage positive glass industry my on experience.,4,2025-03-30
b44dc2d0-b434-4e29-8e67-969a285e6970,Smart Watch,41763,Else health mission amount message us artist ago state than image.,3,2024-12-25
7d17db18-082f-484f-92ae-a21f58a47a8b,Wireless Earbuds,27615,Simple move total trip high central office money training probably.,2,2024-10-13
36416b0d-d422-4c13-a103-a60513477e89,Wireless Earbuds,76974,Town actually full current take attention itself ready thank brother.,1,2024-06-14
82d1c0a0-f768-4ad9-bca4-7957813aabd7,Wireless Earbuds,41737,Democrat loss particular put beyond bar safe different.,1,2024-05-22
57d2cb54-e397-4c89-9348-761ef36a8be6,Wireless Earbuds,25889,Figure off strong early sell seven design me example.,1,2024-11-06
cacb5fff-93b8-412a-8204-8c1d8cd9890b,Wireless Earbuds,12733,Listen according finally often condition film art.,1,2024-07-19
cf968f69-8acd-45a8-9771-ddc2499e54a4,Smart Watch,84036,Attention expert meeting purpose event lot charge tend last spend send somebody throw.,2,2024-09-07
c58f72e3-7d55-4e18-ac51-8e018bf24edc,Wireless Earbuds,61685,Suggest right raise now field science enough measure small sort.,1,2024-05-18
d2269dbc-0fd9-415e-8959-d1b44720249b,Laptop Stand,19015,Draw type have decade foreign seem enter various day result city.,2,2024-05-15
370adeb5-bc05-4749-9a6c-cdf6a3ab94b8,Bluetooth Speaker,26203,Food tax purpose per note left worker within generation project marriage tree.,3,2024-09-24
158cff6a-45ec-409b-b5d9-193e74f5bae2,Fitness Tracker,59831,Radio claim wall citizen size vote yeah born six single.,1,2025-02-21
43d588f8-771d-414f-a376-ac50b90b63f0,Wireless Earbuds,71968,Not finally end material safe subject medical suddenly him.,3,2025-02-16
306652ed-6196-4320-b611-fcc2b9eca6b6,Laptop Stand,90509,Seem financial international statement close myself campaign traditional wonder white rest.,1,2025-01-12
38efab57-7e0a-4af7-bc15-7e3b27a36994,Bluetooth Speaker,12645,Get about provide agent same drop in open want.,5,2025-01-15
58946c27-837e-45cc-9769-ae4b120c6497,Fitness Tracker,31341,Both paper determine stock if her down happy eat grow.,2,2024-12-30
050158c0-200b-46f3-811a-a09b2804ed6b,Laptop Stand,31560,Attention evidence serious wish audience form wind personal picture guy teach world.,1,2024-12-26
3a0e0866-c1e3-4f64-b958-26ce0dc6c10c,Laptop Stand,28900,Through mouth benefit body nice evidence various military strategy discussion indeed goal.,4,2024-07-11
07a84770-716a-4c4a-9cc0-4f62ef6275d5,Laptop Stand,67849,Agree environmental month born out kid knowledge information person have friend.,1,2024-07-12
533f07c7-10f3-4375-94dc-54eb9d6acf6d,Bluetooth Speaker,63436,Per behavior public among listen type picture movement rich leader age son break.,5,2024-07-13
2261bafc-dd51-49a0-a3d2-ce301153772b,Wireless Earbuds,25606,Perhaps produce ever today building memory share a career animal.,1,2025-01-22
f234e275-9f26-4414-942e-d577f081c2e5,Laptop Stand,24396,Worry deal red serious education audience meet garden above statement forward rich.,4,2025-02-21
12060cb0-d6a5-4289-a9a4-fc5e5163145c,Smart Watch,59410,Help represent like it wide discover support.,2,2024-07-25
3139c4d3-acc9-4a3c-ba6e-b7c9505be075,Smart Watch,14592,Customer lay oil work because throw.,1,2024-12-24
742713fa-b0e0-494e-b232-6489136e379d,Laptop Stand,64850,Student so budget couple argue really simple team factor dream.,1,2025-01-20
cf7a097e-160c-4abc-966b-d15db69be3a6,Fitness Tracker,18397,Real season approach should price politics such until physical home then change full.,2,2024-07-21
802f0aed-01d3-49ac-b522-23aebb3b0d61,Fitness Tracker,18563,Gun continue hospital why boy reality certainly issue.,2,2024-11-26
f7433c62-24ea-48a6-8fb0-8e6b39c504ae,Laptop Stand,29372,Control health situation sit long political husband seat artist indicate score lose where.,5,2025-02-04
6981109b-fa42-4773-89f1-19a5394171e1,Laptop Stand,77890,Executive while current fight poor still travel end.,1,2024-06-06
18015ecc-5c28-45dc-988f-658108063fdb,Fitness Tracker,81429,Drive you environment stage list I right land week season resource.,4,2024-06-24
d959ab2a-b024-410e-9108-a5e58326f8a5,Wireless Earbuds,57013,For lawyer history store even someone make talk book serve issue.,5,2025-04-26
74015959-0244-4def-aad0-e8c4fb173560,Wireless Earbuds,28914,Where American price way above star anything image network choice politics.,5,2024-07-02
362c879d-934c-4ac2-9caf-7dce1c5cc78b,Smart Watch,22345,Prevent key experience them to true society girl politics adult occur.,5,2024-06-29
fccd472c-6726-4816-94a0-91645b45ca2e,Laptop Stand,55107,Modern national run church onto low reason.,5,2025-02-16
3eebad8d-a6c7-4721-b213-4db78c05779c,Smart Watch,92441,Local reflect million show people future trial sure less then threat reason.,1,2024-09-20
80436592-e044-4f26-a675-9a4ded15e961,Wireless Earbuds,20390,Program use report send decision put happen hear start.,1,2025-03-22
69e6c5ed-8756-4aac-b493-e1538776777e,Wireless Earbuds,99607,Bring inside technology project up cup approach either statement media technology.,4,2024-07-05
2e25d90a-ff5f-4ba9-961f-ea17bd7f82f9,Smart Watch,35071,Paper thank none economic concern commercial wonder hand.,2,2024-08-16
0ba411da-3742-4bc6-8370-5204fc4d67ec,Bluetooth Speaker,93416,Help you case couple pattern strategy top out evening style since any four.,5,2024-09-22
d946e5dd-b2ac-414b-87e1-297ac48377fa,Wireless Earbuds,48848,Throughout whole when trial amount relationship candidate sea.,5,2024-11-01
93dc225b-1e41-4736-a431-68212d735635,Laptop Stand,20681,Nearly sport late region capital save.,4,2025-03-01
f022660d-af85-4740-bf4c-72db6c950bb9,Bluetooth Speaker,35406,Civil laugh international education someone member just bad piece father American environmental.,3,2024-10-21
76c1b647-b096-467e-9eee-10257e061a68,Fitness Tracker,97373,Degree vote arrive life especially summer school even wind draw campaign.,5,2024-10-12
3672ac63-0bbb-4f56-84d9-50977e227647,Wireless Earbuds,84306,Week parent wonder perform professor however deep speak almost.,2,2024-09-30
710a7b43-198e-4468-b496-f706774c81f0,Bluetooth Speaker,67369,Before do fine best whose environmental tax.,4,2024-07-22
9cf67a48-a57c-4416-9485-962ba38a9d27,Wireless Earbuds,51409,Start great everybody dream others force respond keep bank.,1,2024-11-20
ef4d5adc-f2ba-47ea-a04e-75fa8fd386e3,Fitness Tracker,82814,Others site adult loss she perform call edge citizen.,5,2024-09-15
1757487f-bfdd-424f-81f4-2b1d5cca625d,Smart Watch,34419,Place break will marriage this ball.,4,2025-03-11
b9d60389-ccf6-4adb-9898-082e66719264,Fitness Tracker,46756,Fill writer discuss watch investment fly final collection call expect heavy pressure road.,2,2024-09-16
d41c6baa-da21-48c2-9f51-14773e67fece,Wireless Earbuds,74653,Well against old edge they rule issue any system mission.,5,2024-08-25
5da91a7b-e19a-4d7a-b557-8a7188e297c5,Fitness Tracker,94055,How evening leg clearly opportunity just read agree star.,1,2025-02-19
69104d8e-cc22-4a89-90d5-f708f68c17ba,Wireless Earbuds,81546,Might kind size trouble raise economy where drive dream agency.,2,2025-04-09
576d7f2a-531f-4fa4-a1b6-7ce003e36a0b,Fitness Tracker,89981,Buy professional that that example at at in perform beat certain.,4,2025-03-22
39a1f615-fa75-46e4-ba70-3bb32cfda385,Smart Watch,71031,Surface door particular year street red morning dark when.,3,2024-06-27
